scenario,n_vars,status,objective,runtime,mip_gap,hit_timeout,hit_improve_limit,stopped_reason
rotation_micro_25,90,timeout,6.166826839679835,300.12698316574097,200.7664240960316,True,False,timeout_300s
rotation_small_50,180,timeout,8.685958678757245,300.154244184494,2051.8516789332994,True,False,timeout_300s
rotation_medium_100,360,timeout,12.783159786223962,300.2453918457031,2.5956573799925726,True,False,timeout_300s
rotation_large_25farms_27foods,2025,timeout,11.675532500185625,305.3313219547272,2.5813442570590848,True,False,timeout_300s
rotation_xlarge_50farms_27foods,4050,timeout,22.926605142212907,310.92224884033203,1.9508409284243036,True,False,timeout_300s
rotation_xxlarge_100farms_27foods,8100,timeout,45.869330304457094,321.84194684028625,2.005304849120348,True,False,timeout_300s
