{
  "status": "ok (optimal)",
  "solver": "bonmin",
  "objective_value": 0.05986483116237331,
  "solve_time": 0.12994861602783203,
  "areas": {
    "Farm1_Wheat": 10.507780548250606,
    "Farm1_Corn": 1.6121414481945036,
    "Farm1_Rice": 1.6121414481945033,
    "Farm1_Soybeans": 41.33344773746439,
    "Farm1_Potatoes": 1.6121414481945036,
    "Farm1_Apples": 18.3223450668254,
    "Farm2_Wheat": 14.01037308851375,
    "Farm2_Corn": 2.149521752705059,
    "Farm2_Rice": 2.149521752705059,
    "Farm2_Soybeans": 55.11126532723518,
    "Farm2_Potatoes": 2.1495217527050596,
    "Farm2_Apples": 24.429791849125507,
    "Farm3_Wheat": 7.005187539061855,
    "Farm3_Corn": 1.0747610749177732,
    "Farm3_Rice": 1.0747610749177732,
    "Farm3_Soybeans": 27.55563087845497,
    "Farm3_Potatoes": 1.0747610749177732,
    "Farm3_Apples": 12.214897513409486
  },
  "selections": {
    "Farm1_Wheat": 1.0,
    "Farm1_Corn": 1.0,
    "Farm1_Rice": 1.0,
    "Farm1_Soybeans": 1.0,
    "Farm1_Potatoes": 1.0,
    "Farm1_Apples": 1.0,
    "Farm2_Wheat": 1.0,
    "Farm2_Corn": 1.0,
    "Farm2_Rice": 1.0,
    "Farm2_Soybeans": 1.0,
    "Farm2_Potatoes": 1.0,
    "Farm2_Apples": 1.0,
    "Farm3_Wheat": 1.0,
    "Farm3_Corn": 1.0,
    "Farm3_Rice": 1.0,
    "Farm3_Soybeans": 1.0,
    "Farm3_Potatoes": 1.0,
    "Farm3_Apples": 1.0
  }
}