{
  "bqubo": {
    "metadata": {
      "n_farms": 10,
      "n_crops": 6,
      "total_capacity": 48.9,
      "lagrange_multiplier": "auto"
    },
    "characterization": {
      "n_variables": 70,
      "n_interactions": 169,
      "density": 0.06997929606625258,
      "offset": 2.5574999999999997,
      "linear_coefficients": {
        "mean": -0.1829761904761904,
        "std": 0.19327190739234407,
        "min": -0.6199999999999999,
        "max": 0.07333333333333332,
        "range": 0.6933333333333332
      },
      "quadratic_coefficients": {
        "mean": 0.1742603550295858,
        "std": 0.051131142699142824,
        "min": 0.15499999999999997,
        "max": 0.30999999999999994,
        "range": 0.15499999999999997
      },
      "graph_topology": {
        "n_connected_components": 25,
        "avg_degree": 4.828571428571428,
        "max_degree": 7,
        "avg_clustering": 0.7428571428571429,
        "is_bipartite": false,
        "diameter": null
      }
    },
    "hardness": {
      "min_eigenvalue": -0.8104200256893288,
      "max_eigenvalue": 0.4594893781881032,
      "spectral_gap": 4.440892098500626e-16,
      "condition_number": 0.5669768313008674,
      "rank": 70,
      "trace": -12.808333333333328,
      "landscape_mean_energy": 3.538202749999997,
      "landscape_std_energy": 1.3913083732375966,
      "landscape_min_energy": 0.6419166666666652,
      "landscape_max_energy": 8.40416666666666,
      "landscape_energy_range": 7.7622499999999945,
      "estimated_local_minima_ratio": 0.0
    },
    "solver_performance": {
      "gurobi_cqm": {
        "mean_energy": Infinity,
        "std_energy": 0,
        "min_energy": Infinity,
        "max_energy": Infinity,
        "mean_time": 0.004796504974365234,
        "std_time": 0.0019172888954999351,
        "feasibility_rate": 0.0,
        "success_count": 0,
        "n_runs": 3
      }
    },
    "constraint_structure": {
      "n_constraints": 90,
      "constraint_types": {
        "Sense.Le": 50,
        "Sense.Ge": 40
      },
      "mean_vars_per_constraint": 2.0,
      "max_vars_per_constraint": 6,
      "min_vars_per_constraint": 1,
      "constraint_overlap_ratio": 0.0299625468164794,
      "mean_overlap_size": 1.5,
      "max_overlap_size": 3
    },
    "penalty_sensitivity": {
      "0.1": {
        "feasibility_ratio": 1.0,
        "mean_violations": 0.0,
        "max_violations": 0,
        "best_energy": -0.17583333333334572,
        "n_variables": 70,
        "n_interactions": 169
      },
      "0.5": {
        "feasibility_ratio": 1.0,
        "mean_violations": 0.0,
        "max_violations": 0,
        "best_energy": -0.17683333333337714,
        "n_variables": 70,
        "n_interactions": 169
      },
      "1.0": {
        "feasibility_ratio": 1.0,
        "mean_violations": 0.0,
        "max_violations": 0,
        "best_energy": -0.1782500000000482,
        "n_variables": 70,
        "n_interactions": 169
      },
      "5.0": {
        "feasibility_ratio": 1.0,
        "mean_violations": 0.0,
        "max_violations": 0,
        "best_energy": -0.17241666666666333,
        "n_variables": 70,
        "n_interactions": 169
      },
      "10.0": {
        "feasibility_ratio": 1.0,
        "mean_violations": 0.0,
        "max_violations": 0,
        "best_energy": -0.17525000000000546,
        "n_variables": 70,
        "n_interactions": 169
      },
      "50.0": {
        "feasibility_ratio": 1.0,
        "mean_violations": 0.0,
        "max_violations": 0,
        "best_energy": -0.1788333333333867,
        "n_variables": 70,
        "n_interactions": 169
      },
      "100.0": {
        "feasibility_ratio": 1.0,
        "mean_violations": 0.0,
        "max_violations": 0,
        "best_energy": -0.17616666667163372,
        "n_variables": 70,
        "n_interactions": 169
      },
      "500.0": {
        "feasibility_ratio": 1.0,
        "mean_violations": 0.0,
        "max_violations": 0,
        "best_energy": -0.17049999997470877,
        "n_variables": 70,
        "n_interactions": 169
      },
      "1000.0": {
        "feasibility_ratio": 1.0,
        "mean_violations": 0.0,
        "max_violations": 0,
        "best_energy": -0.17808333331049653,
        "n_variables": 70,
        "n_interactions": 169
      }
    }
  },
  "patch": {
    "metadata": {
      "n_patches": 10,
      "n_crops": 6,
      "total_area": 4.890000000000001,
      "area_variance": 0.19143519999999997,
      "has_idle_penalty": true,
      "lagrange_multiplier": "auto"
    },
    "characterization": {
      "n_variables": 160,
      "n_interactions": 960,
      "density": 0.07547169811320754,
      "offset": 86.33200000000001,
      "linear_coefficients": {
        "mean": 19.129865937500004,
        "std": 31.951152041037048,
        "min": -8.6332,
        "max": 138.1312,
        "range": 146.7644
      },
      "quadratic_coefficients": {
        "mean": 0.5395750000000011,
        "std": 37.20407774595918,
        "min": -69.0656,
        "max": 207.1968,
        "range": 276.2624
      },
      "graph_topology": {
        "n_connected_components": 1,
        "avg_degree": 12.0,
        "max_degree": 24,
        "avg_clustering": 0.7922942546583851,
        "is_bipartite": false,
        "diameter": 4
      }
    },
    "hardness": {
      "min_eigenvalue": null,
      "max_eigenvalue": null,
      "spectral_gap": null,
      "rank": null,
      "trace": null,
      "landscape_mean_energy": 1735.3520460250052,
      "landscape_std_energy": 351.7966110177386,
      "landscape_min_energy": 728.5267900000011,
      "landscape_max_energy": 3126.671405000004,
      "landscape_energy_range": 2398.144615000003,
      "estimated_local_minima_ratio": 0.0
    },
    "solver_performance": {
      "gurobi_cqm": {
        "mean_energy": Infinity,
        "std_energy": 0,
        "min_energy": Infinity,
        "max_energy": Infinity,
        "mean_time": 0.00529328982035319,
        "std_time": 0.00018271434394964491,
        "feasibility_rate": 0.0,
        "success_count": 0,
        "n_runs": 3
      }
    },
    "constraint_structure": {
      "n_constraints": 76,
      "constraint_types": {
        "Sense.Le": 76
      },
      "mean_vars_per_constraint": 3.236842105263158,
      "max_vars_per_constraint": 11,
      "min_vars_per_constraint": 2,
      "constraint_overlap_ratio": 0.15789473684210525,
      "mean_overlap_size": 1.1333333333333333,
      "max_overlap_size": 2
    },
    "penalty_sensitivity": {
      "0.1": {
        "feasibility_ratio": 0.0,
        "mean_violations": 0.0,
        "max_violations": 0,
        "best_energy": -4.694940000000431,
        "n_variables": 160,
        "n_interactions": 960
      },
      "0.5": {
        "feasibility_ratio": 0.0,
        "mean_violations": 0.0,
        "max_violations": 0,
        "best_energy": -2.686125000000004,
        "n_variables": 160,
        "n_interactions": 960
      },
      "1.0": {
        "feasibility_ratio": 0.23,
        "mean_violations": 0.0,
        "max_violations": 0,
        "best_energy": -2.5530399999999815,
        "n_variables": 160,
        "n_interactions": 960
      },
      "5.0": {
        "feasibility_ratio": 0.53,
        "mean_violations": 0.0,
        "max_violations": 0,
        "best_energy": -2.542305000000397,
        "n_variables": 160,
        "n_interactions": 960
      },
      "10.0": {
        "feasibility_ratio": 0.51,
        "mean_violations": 0.0,
        "max_violations": 0,
        "best_energy": -2.4701450000002296,
        "n_variables": 160,
        "n_interactions": 960
      },
      "50.0": {
        "feasibility_ratio": 0.58,
        "mean_violations": 0.0,
        "max_violations": 0,
        "best_energy": -2.471559999999954,
        "n_variables": 160,
        "n_interactions": 960
      },
      "100.0": {
        "feasibility_ratio": 0.57,
        "mean_violations": 0.0,
        "max_violations": 0,
        "best_energy": -2.552769999998418,