{
  "5": {
    "PuLP": {
      "objective": 2.557988052272804,
      "total_area": 0,
      "normalized": 0
    },
    "Pyomo": {
      "objective": 2.568490172003493,
      "total_area": 0,
      "normalized": 0
    },
    "DWave": {
      "objective": 2.568345954310969,
      "total_area": 0,
      "normalized": 0
    }
  },
  "19": {
    "PuLP": {
      "objective": 34.229468728305385,
      "total_area": 0,
      "normalized": 0
    },
    "Pyomo": {
      "objective": 34.48508671621086,
      "total_area": 0,
      "normalized": 0
    },
    "DWave": {
      "objective": 33.66498376339862,
      "total_area": 0,
      "normalized": 0
    }
  },
  "72": {
    "PuLP": {
      "objective": 176.04293821437923,
      "total_area": 0,
      "normalized": 0
    },
    "Pyomo": {
      "objective": 176.51321097595815,
      "total_area": 0,
      "normalized": 0
    },
    "DWave": {
      "objective": 149.2787747901414,
      "total_area": 0,
      "normalized": 0
    }
  },
  "279": {
    "PuLP": {
      "objective": 711.5374327717852,
      "total_area": 0,
      "normalized": 0
    },
    "Pyomo": {
      "objective": 713.4341222557829,
      "total_area": 0,
      "normalized": 0
    },
    "DWave": {
      "objective": 483.8591797328308,
      "total_area": 0,
      "normalized": 0
    }
  }
}