,Animal-source foods,Fruits,"Pulses, nuts, and seeds",Starchy staples,Vegetables
Animal-source foods,-0.0,-0.072934,-0.0291736,-0.1166944,-0.145868
Fruits,0.0,0.03908933333333334,0.015635733333333336,0.06254293333333334,0.07817866666666667
"Pulses, nuts, and seeds",0.0,0.19182500000000002,0.07673000000000002,0.3069200000000001,0.38365000000000005
Starchy staples,0.0,0.0,0.0,0.0,0.0
Vegetables,0.0,0.118236,0.0472944,0.1891776,0.236472
