{
  "status": "Optimal",
  "objective_value": 5.640525,
  "solve_time": 0.011826038360595703,
  "solver_time": 0.003464221954345703,
  "success": true,
  "sample_id": 2,
  "n_units": 20,
  "total_area": 8.745,
  "n_foods": 6,
  "n_variables": 126,
  "n_constraints": 146
}