{
  "status": "Optimal",
  "objective_value": 15.979875,
  "solve_time": 0.020233631134033203,
  "solver_time": 0.007091522216796875,
  "success": true,
  "sample_id": 0,
  "n_units": 50,
  "total_area": 24.775,
  "n_foods": 6,
  "n_variables": 306,
  "n_constraints": 356
}