{
  "status": "Optimal",
  "objective_value": 8.139255,
  "solve_time": 0.011796951293945312,
  "solver_time": 0.008137226104736328,
  "success": true,
  "sample_id": 3,
  "n_units": 25,
  "total_area": 12.619,
  "n_foods": 6,
  "n_variables": 156,
  "n_constraints": 181
}