{
  "status": "Optimal",
  "objective_value": 5.24514,
  "solve_time": 0.010564565658569336,
  "solver_time": 0.004976034164428711,
  "success": true,
  "sample_id": 1,
  "n_units": 15,
  "total_area": 8.132,
  "n_foods": 6,
  "n_variables": 96,
  "n_constraints": 111
}