{
  "status": "Optimal",
  "objective_value": 3.4817100000000005,
  "solve_time": 0.006422281265258789,
  "solver_time": 0.005965232849121094,
  "success": true,
  "sample_id": 0,
  "n_units": 10,
  "total_area": 5.398,
  "n_foods": 6,
  "n_variables": 66,
  "n_constraints": 76
}