{
  "status": "Optimal",
  "objective_value": 7.62519,
  "solve_time": 0.013419389724731445,
  "solver_time": 0.009571313858032227,
  "success": true,
  "sample_id": 2,
  "n_units": 25,
  "total_area": 11.822,
  "n_foods": 6,
  "n_variables": 156,
  "n_constraints": 181
}