{
  "status": "Optimal",
  "objective_value": 0.42993736791867865,
  "solve_time": 0.10737204551696777,
  "solver_time": 0.049300193786621094,
  "success": true,
  "sample_id": 2,
  "n_units": 25,
  "total_area": 130.27,
  "n_foods": 27,
  "n_variables": 1350,
  "n_constraints": 1625
}