{
  "timestamp": "2025-12-10T15:41:10.744626",
  "scales": [
    4
  ],
  "scenarios": [],
  "methods": [
    "ground_truth"
  ],
  "reads_configs": "default",
  "qpu_available": true,
  "qbsolv_available": false,
  "results": [
    {
      "n_farms": 4,
      "scenario": null,
      "metadata": {
        "n_farms": 4,
        "n_foods": 27,
        "n_variables": 135,
        "n_constraints": 144,
        "logical_qubits": 135,
        "total_area": 100.0
      },
      "timings": {
        "data_load": 0.4572741985321045,
        "cqm_build": 0.029989004135131836
      },
      "method_results": {},
      "ground_truth": {
        "method": "gurobi",
        "timings": {
          "build": 0.042199134826660156,
          "solve": 0.040585994720458984,
          "total": 0.08278894424438477,
          "solve_time": 0.040585994720458984,
          "embedding_total": 0,
          "qpu_access_total": 0
        },
        "solve_time": 0.040585994720458984,
        "total_time": 0.08278894424438477,
        "wall_time": 0.08278894424438477,
        "n_variables": 135,
        "n_constraints": 144,
        "success": false,
        "objective": 0,
        "violations": -1,
        "feasible": false,
        "status": 3
      }
    }
  ]
}