scenario,description,n_farms,n_foods,n_periods,n_vars,qpu_method,gurobi_status,gurobi_objective,gurobi_runtime,gurobi_mip_gap,gurobi_hit_timeout,gurobi_hit_improve_limit,gurobi_rotation_violations,gurobi_diversity_violations,gurobi_area_violations,gurobi_total_violations,qpu_status,qpu_objective,qpu_runtime,qpu_rotation_violations,qpu_diversity_violations,qpu_area_violations,qpu_total_violations,gap_pct,speedup,expected_speedup
rotation_micro_25,5 farms - Small scale,5,6,3,90,clique_decomp,timeout,6.166826839679835,100.13631796836853,225.8486849946775,True,False,0,0,0,0,success,5.161670766666336,17.626611948013306,0,15,15,30,16.299404850253335,5.680973647329593,11.5
rotation_small_50,10 farms - At the cliff,10,6,3,180,clique_decomp,timeout,8.685958678757245,100.21682381629944,2119.868670128193,True,False,0,0,0,0,success,7.290968970640963,28.18736982345581,0,30,30,60,16.060284877107804,3.555380457416964,6.2
rotation_medium_100,20 farms - Past the cliff,20,6,3,360,clique_decomp,timeout,12.783159786223962,101.20320296287537,2.6793068064436194,True,False,0,0,0,0,success,12.60599837898435,45.273828983306885,0,60,60,120,1.3858968377328296,2.235357716268939,5.2
rotation_250farms_27foods,25 farms - Hierarchical test,25,27,3,2025,hierarchical,timeout,11.675532500185625,113.97685813903809,2.5813442570590848,True,False,0,0,0,0,success,-18.301046655566328,35.90045094490051,0,0,0,999,256.7469976660625,3.17480296595628,5.0
rotation_350farms_27foods,50 farms - Large hierarchical,50,27,3,4050,hierarchical,timeout,23.3547316932914,112.99625706672668,2.579480273673501,True,False,0,0,0,0,success,-43.921469937257385,77.81367897987366,0,0,0,999,288.06240428732366,1.452138731237125,4.5
rotation_500farms_27foods,100 farms - Ultimate test,100,27,3,8100,hierarchical,timeout,45.86800182419779,122.46158003807068,2.0082592406012694,True,False,0,0,0,0,success,-90.71770918782667,143.12547492980957,0,0,0,999,297.7799458880467,0.8556239208856934,2.5
