{
  "rotation_micro_25": {
    "data_info": {
      "n_farms": 5,
      "n_foods": 6,
      "n_variables": 90,
      "scenario_name": "rotation_micro_25"
    },
    "gurobi": [],
    "hierarchical_qpu": [
      {
        "method": "hierarchical",
        "use_qpu": true,
        "config": {
          "farms_per_cluster": 5,
          "max_cluster_vars": 360,
          "decomposition_method": "spatial_grid",
          "num_reads": 100,
          "num_iterations": 3,
          "annealing_time": 20,
          "n_periods": 3,
          "rotation_gamma": 1.0,
          "diversity_bonus": 0.5,
          "one_hot_penalty": 0.5,
          "enable_post_processing": true,
          "crops_per_family": 3
        },
        "timings": {
          "level1_decomposition": 7.224082946777344e-05,
          "level2_quantum": 8.468719720840454,
          "level2_solve": 1.4351625442504883,
          "level2_qpu": 0.11909628,
          "level3_postprocessing": 0.0011761188507080078,
          "level3_refinement": 0.001077890396118164,
          "level3_diversity": 9.703636169433594e-05,
          "total": 8.469984769821167
        },
        "levels": {
          "food_aggregation": {
            "original_foods": 6,
            "families": 6
          },
          "decomposition": {
            "method": "spatial_grid",
            "n_clusters": 1,
            "avg_cluster_size": 5.0,
            "vars_per_cluster": 90,
            "cluster_sizes": [
              5
            ]
          },
          "quantum_solving": {
            "iterations": [
              {
                "iteration": 1,
                "objective": 3.3708595363660967,
                "violations": 0,
                "solve_time": 0.5902063846588135,
                "qpu_time": 0.03969876,
                "total_time": 3.1433091163635254
              },
              {
                "iteration": 2,
                "objective": 4.010885190406348,
                "violations": 0,
                "solve_time": 0.4809870719909668,
                "qpu_time": 0.03969876,
                "total_time": 2.7636070251464844
              },
              {
                "iteration": 3,
                "objective": 3.7704143119109395,
                "violations": 0,
                "solve_time": 0.363969087600708,
                "qpu_time": 0.03969876,
                "total_time": 2.56178879737854
              }
            ],
            "best_objective": 4.010885190406348,
            "total_solve_time": 1.4351625442504883,
            "total_qpu_time": 0.11909628
          },
          "post_processing": {
            "refinement_time": 0.001077890396118164,
            "diversity_time": 9.703636169433594e-05,
            "total_time": 0.0011761188507080078
          }
        },
        "wall_time": 8.469984769821167,
        "qpu_time": 0.11909628,
        "family_solution": {
          "('Farm1', 'Fruits', 1)": 0,
          "('Farm1', 'Fruits', 2)": 0,
          "('Farm1', 'Fruits', 3)": 0,
          "('Farm1', 'Grains', 1)": 0,
          "('Farm1', 'Grains', 2)": 0,
          "('Farm1', 'Grains', 3)": 0,
          "('Farm1', 'Leafy_Vegetables', 1)": 0,
          "('Farm1', 'Leafy_Vegetables', 2)": 0,
          "('Farm1', 'Leafy_Vegetables', 3)": 0,
          "('Farm1', 'Legumes', 1)": 0,
          "('Farm1', 'Legumes', 2)": 0,
          "('Farm1', 'Legumes', 3)": 0,
          "('Farm1', 'Proteins', 1)": 0,
          "('Farm1', 'Proteins', 2)": 1,
          "('Farm1', 'Proteins', 3)": 0,
          "('Farm1', 'Root_Vegetables', 1)": 1,
          "('Farm1', 'Root_Vegetables', 2)": 0,
          "('Farm1', 'Root_Vegetables', 3)": 0,
          "('Farm2', 'Fruits', 1)": 0,
          "('Farm2', 'Fruits', 2)": 1,
          "('Farm2', 'Fruits', 3)": 0,
          "('Farm2', 'Grains', 1)": 0,
          "('Farm2', 'Grains', 2)": 0,
          "('Farm2', 'Grains', 3)": 0,
          "('Farm2', 'Leafy_Vegetables', 1)": 0,
          "('Farm2', 'Leafy_Vegetables', 2)": 1,
          "('Farm2', 'Leafy_Vegetables', 3)": 0,
          "('Farm2', 'Legumes', 1)": 1,
          "('Farm2', 'Legumes', 2)": 0,
          "('Farm2', 'Legumes', 3)": 0,
          "('Farm2', 'Proteins', 1)": 1,
          "('Farm2', 'Proteins', 2)": 0,
          "('Farm2', 'Proteins', 3)": 0,
          "('Farm2', 'Root_Vegetables', 1)": 0,
          "('Farm2', 'Root_Vegetables', 2)": 0,
          "('Farm2', 'Root_Vegetables', 3)": 1,
          "('Farm3', 'Fruits', 1)": 0,
          "('Farm3', 'Fruits', 2)": 0,
          "('Farm3', 'Fruits', 3)": 0,
          "('Farm3', 'Grains', 1)": 0,
          "('Farm3', 'Grains', 2)": 0,
          "('Farm3', 'Grains', 3)": 0,
          "('Farm3', 'Leafy_Vegetables', 1)": 1,
          "('Farm3', 'Leafy_Vegetables', 2)": 0,
          "('Farm3', 'Leafy_Vegetables', 3)": 0,
          "('Farm3', 'Legumes', 1)": 0,
          "('Farm3', 'Legumes', 2)": 1,
          "('Farm3', 'Legumes', 3)": 0,
          "('Farm3', 'Proteins', 1)": 0,
          "('Farm3', 'Proteins', 2)": 0,
          "('Farm3', 'Proteins', 3)": 1,
          "('Farm3', 'Root_Vegetables', 1)": 0,
          "('Farm3', 'Root_Vegetables', 2)": 0,
          "('Farm3', 'Root_Vegetables', 3)": 0,
          "('Farm4', 'Fruits', 1)": 0,
          "('Farm4', 'Fruits', 2)": 0,
          "('Farm4', 'Fruits', 3)": 1,
          "('Farm4', 'Grains', 1)": 1,
          "('Farm4', 'Grains', 2)": 0,
          "('Farm4', 'Grains', 3)": 0,
          "('Farm4', 'Leafy_Vegetables', 1)": 0,
          "('Farm4', 'Leafy_Vegetables', 2)": 0,
          "('Farm4', 'Leafy_Vegetables', 3)": 0,
          "('Farm4', 'Legumes', 1)": 1,
          "('Farm4', 'Legumes', 2)": 1,
          "('Farm4', 'Legumes', 3)": 0,
          "('Farm4', 'Proteins', 1)": 0,
          "('Farm4', 'Proteins', 2)": 0,
          "('Farm4', 'Proteins', 3)": 0,
          "('Farm4', 'Root_Vegetables', 1)": 0,
          "('Farm4', 'Root_Vegetables', 2)": 0,
          "('Farm4', 'Root_Vegetables', 3)": 0,
          "('Farm5', 'Fruits', 1)": 0,
          "('Farm5', 'Fruits', 2)": 0,
          "('Farm5', 'Fruits', 3)": 0,
          "('Farm5', 'Grains', 1)": 1,
          "('Farm5', 'Grains', 2)": 0,
          "('Farm5', 'Grains', 3)": 0,
          "('Farm5', 'Leafy_Vegetables', 1)": 0,
          "('Farm5', 'Leafy_Vegetables', 2)": 0,
          "('Farm5', 'Leafy_Vegetables', 3)": 0,
          "('Farm5', 'Legumes', 1)": 0,
          "('Farm5', 'Legumes', 2)": 1,
          "('Farm5', 'Legumes', 3)": 0,
          "('Farm5', 'Proteins', 1)": 0,
          "('Farm5', 'Proteins', 2)": 0,
          "('Farm5', 'Proteins', 3)": 1,
          "('Farm5', 'Root_Vegetables', 1)": 0,
          "('Farm5', 'Root_Vegetables', 2)": 0,
          "('Farm5', 'Root_Vegetables', 3)": 0
        },
        "crop_solution": {
          "('Farm2', 'Lentils', 1)": 0.33845932287855207,
          "('Farm2', 'Chickpeas', 1)": 0.3384555364201836,
          "('Farm2', 'Beans', 1)": 0.3230851407012644,
          "('Farm2', 'Mangoes', 2)": 0.3705582197090286,
          "('Farm2', 'Oranges', 2)": 0.3534063169085356,
          "('Farm2', 'Bananas', 2)": 0.2760354633824358,
          "('Farm3', 'Beans', 2)": 0.3253396447794755,
          "('Farm3', 'Chickpeas', 2)": 0.3708661338480431,
          "('Farm3', 'Lentils', 2)": 0.3037942213724813,
          "('Farm4', 'Beans', 1)": 0.30106441305048853,
          "('Farm4', 'Lentils', 1)": 0.3441176239913125,
          "('Farm4', 'Chickpeas', 1)": 0.3548179629581989,
          "('Farm4', 'Beans', 2)": 0.3380619397098554,
          "('Farm4', 'Lentils', 2)": 0.33998176765473376,
          "('Farm4', 'Chickpeas', 2)": 0.3219562926354108,
          "('Farm4', 'Bananas', 3)": 0.31902655981578476,
          "('Farm4', 'Mangoes', 3)": 0.37512411072216395,
          "('Farm4', 'Oranges', 3)": 0.3058493294620511,
          "('Farm5', 'Maize', 1)": 0.31330411390405155,
          "('Farm5', 'Wheat', 1)": 0.34154254245676896,
          "('Farm5', 'Rice', 1)": 0.34515334363917943,