{
  "metadata": {
    "benchmark_type": "BQUBO",
    "solver": "DWave",
    "n_farms": 5,
    "run_number": 1,
    "timestamp": "2025-10-23T15:43:52.966359"
  },
  "result": {
    "qpu_time": 0.142026,
    "bqm_conversion_time": 0.010314226150512695,
    "feasible": true,
    "objective_value": 0.003184821419377086,
    "num_samples": 1,
    "hybrid_time": 39.055960625000004
  }
}