{
  "metadata": {
    "benchmark_type": "BQUBO",
    "solver": "DWave",
    "n_farms": 72,
    "run_number": 5,
    "timestamp": "2025-10-23T15:25:38.318047"
  },
  "result": {
    "qpu_time": 0.155416,
    "bqm_conversion_time": 0.15990924835205078,
    "feasible": true,
    "objective_value": 0.03711087194353584,
    "num_samples": 1,
    "hybrid_time": 66.62916623055935
  }
}