{
  "metadata": {
    "benchmark_type": "BQUBO",
    "solver": "DWave",
    "n_farms": 19,
    "run_number": 1,
    "timestamp": "2025-10-23T15:20:10.643148"
  },
  "result": {
    "qpu_time": 0.051804,
    "bqm_conversion_time": 0.05800676345825195,
    "feasible": true,
    "objective_value": 0.028307816971234412,
    "num_samples": 1,
    "hybrid_time": 46.677232563495636
  }
}