{
  "metadata": {
    "benchmark_type": "BQUBO",
    "solver": "DWave",
    "n_farms": 72,
    "run_number": 3,
    "timestamp": "2025-10-23T15:24:19.908744"
  },
  "result": {
    "qpu_time": 0.155416,
    "bqm_conversion_time": 0.1751234531402588,
    "feasible": true,
    "objective_value": 0.03361886574803619,
    "num_samples": 1,
    "hybrid_time": 65.67533026635647
  }
}