{
  "metadata": {
    "benchmark_type": "BQUBO",
    "solver": "DWave",
    "n_farms": 19,
    "run_number": 5,
    "timestamp": "2025-10-23T15:22:26.044432"
  },
  "result": {
    "qpu_time": 0.103612,
    "bqm_conversion_time": 0.03626275062561035,
    "feasible": true,
    "objective_value": 0.03163348598566634,
    "num_samples": 1,
    "hybrid_time": 47.58445927500725
  }
}