{
  "metadata": {
    "benchmark_type": "BQUBO",
    "solver": "DWave",
    "n_farms": 279,
    "run_number": 2,
    "timestamp": "2025-10-23T15:28:12.290177"
  },
  "result": {
    "qpu_time": 0.207211,
    "bqm_conversion_time": 0.7870221138000488,
    "feasible": true,
    "objective_value": 0.03376848372136714,
    "num_samples": 1,
    "hybrid_time": 144.69350431859493
  }
}