{
  "metadata": {
    "benchmark_type": "BQUBO",
    "solver": "DWave",
    "n_farms": 72,
    "run_number": 1,
    "timestamp": "2025-10-23T15:23:02.919461"
  },
  "result": {
    "qpu_time": 0.155419,
    "bqm_conversion_time": 0.2506108283996582,
    "feasible": true,
    "objective_value": 0.032947197276217324,
    "num_samples": 1,
    "hybrid_time": 65.908174097538
  }
}