{
  "metadata": {
    "benchmark_type": "BQUBO",
    "solver": "DWave",
    "n_farms": 19,
    "run_number": 2,
    "timestamp": "2025-10-23T15:20:42.578219"
  },
  "result": {
    "qpu_time": 0.103619,
    "bqm_conversion_time": 0.03441905975341797,
    "feasible": true,
    "objective_value": 0.03743100320144932,
    "num_samples": 1,
    "hybrid_time": 46.67502138018608
  }
}