{
  "metadata": {
    "benchmark_type": "BQUBO",
    "solver": "DWave",
    "n_farms": 5,
    "run_number": 5,
    "timestamp": "2025-10-23T19:31:48.927709"
  },
  "result": {
    "hybrid_time": 2.986913,
    "qpu_time": 0.142623,
    "bqm_conversion_time": 0.05501151084899902,
    "feasible": true,
    "objective_value": 0.003184821419377086,
    "num_samples": 1
  }
}