{
  "metadata": {
    "benchmark_type": "BQUBO",
    "solver": "DWave",
    "n_farms": 72,
    "run_number": 2,
    "timestamp": "2025-10-23T15:23:43.588401"
  },
  "result": {
    "qpu_time": 0.15542,
    "bqm_conversion_time": 0.16734075546264648,
    "feasible": true,
    "objective_value": 0.03729977271549767,
    "num_samples": 1,
    "hybrid_time": 67.60225194692612
  }
}