{
  "metadata": {
    "benchmark_type": "BQUBO",
    "solver": "DWave",
    "n_farms": 1096,
    "run_number": 2,
    "timestamp": "2025-10-23T15:54:15.762966"
  },
  "result": {
    "qpu_time": 5.076714,
    "bqm_conversion_time": 2.023679494857788,
    "feasible": true,
    "objective_value": 0.03154037676581797,
    "num_samples": 1,
    "hybrid_time": 209.714285
  }
}