{
  "metadata": {
    "benchmark_type": "BQUBO",
    "solver": "DWave",
    "n_farms": 279,
    "run_number": 5,
    "timestamp": "2025-10-23T15:32:13.299390"
  },
  "result": {
    "qpu_time": 0.310821,
    "bqm_conversion_time": 0.5166170597076416,
    "feasible": true,
    "objective_value": 0.03249345195839371,
    "num_samples": 1,
    "hybrid_time": 145.59975935518742
  }
}