{
  "metadata": {
    "benchmark_type": "BQUBO",
    "solver": "DWave",
    "n_farms": 279,
    "run_number": 4,
    "timestamp": "2025-10-23T15:30:36.573057"
  },
  "result": {
    "qpu_time": 0.31083,
    "bqm_conversion_time": 0.48633360862731934,
    "feasible": true,
    "objective_value": 0.032364692536975354,
    "num_samples": 1,
    "hybrid_time": 140.1027140468359
  }
}