{
  "metadata": {
    "benchmark_type": "BQUBO",
    "solver": "DWave",
    "n_farms": 5,
    "run_number": 2,
    "timestamp": "2025-10-23T19:31:18.810628"
  },
  "result": {
    "hybrid_time": 2.992163,
    "qpu_time": 0.145199,
    "bqm_conversion_time": 0.016003131866455078,
    "feasible": true,
    "objective_value": 0.003184821419377086,
    "num_samples": 1
  }
}