{
  "metadata": {
    "benchmark_type": "BQUBO",
    "solver": "DWave",
    "n_farms": 72,
    "run_number": 4,
    "timestamp": "2025-10-23T15:24:51.946701"
  },
  "result": {
    "qpu_time": 0.155423,
    "bqm_conversion_time": 0.17767810821533203,
    "feasible": true,
    "objective_value": 0.03531572740542773,
    "num_samples": 1,
    "hybrid_time": 67.79684853553772
  }
}