{
  "metadata": {
    "benchmark_type": "BQUBO",
    "solver": "DWave",
    "n_farms": 279,
    "run_number": 3,
    "timestamp": "2025-10-23T15:29:26.882677"
  },
  "result": {
    "qpu_time": 0.310826,
    "bqm_conversion_time": 0.8923995494842529,
    "feasible": true,
    "objective_value": 0.033565640103459415,
    "num_samples": 1,
    "hybrid_time": 140.99419152736664
  }
}