{
  "metadata": {
    "benchmark_type": "BQUBO",
    "solver": "DWave",
    "n_farms": 1096,
    "run_number": 1,
    "timestamp": "2025-10-23T15:37:03.766999"
  },
  "result": {
    "qpu_time": 4.921332,
    "bqm_conversion_time": 2.07934832572937,
    "feasible": true,
    "objective_value": 0.03197779594411614,
    "num_samples": 1,
    "hybrid_time": 216.26962016522884
  }
}