{
  "metadata": {
    "benchmark_type": "BQUBO",
    "solver": "DWave",
    "n_farms": 5,
    "run_number": 3,
    "timestamp": "2025-10-23T19:31:28.596675"
  },
  "result": {
    "hybrid_time": 2.986999,
    "qpu_time": 0.142911,
    "bqm_conversion_time": 0.01600503921508789,
    "feasible": true,
    "objective_value": 0.003184821419377086,
    "num_samples": 1
  }
}