{
  "metadata": {
    "benchmark_type": "BQUBO",
    "solver": "DWave",
    "n_farms": 19,
    "run_number": 3,
    "timestamp": "2025-10-23T15:21:15.981886"
  },
  "result": {
    "qpu_time": 0.103613,
    "bqm_conversion_time": 0.06976580619812012,
    "feasible": true,
    "objective_value": 0.03605734260698079,
    "num_samples": 1,
    "hybrid_time": 49.98174013197422
  }
}