{
  "metadata": {
    "benchmark_type": "BQUBO",
    "solver": "DWave",
    "n_farms": 5,
    "run_number": 4,
    "timestamp": "2025-10-23T19:31:38.613179"
  },
  "result": {
    "hybrid_time": 2.992247,
    "qpu_time": 0.142153,
    "bqm_conversion_time": 0.017004013061523438,
    "feasible": true,
    "objective_value": 0.003184821419377086,
    "num_samples": 1
  }
}