{
  "metadata": {
    "benchmark_type": "BQUBO",
    "solver": "DWave",
    "n_farms": 19,
    "run_number": 4,
    "timestamp": "2025-10-23T15:21:50.633213"
  },
  "result": {
    "qpu_time": 0.103611,
    "bqm_conversion_time": 0.039865732192993164,
    "feasible": true,
    "objective_value": 0.0334061405022269,
    "num_samples": 1,
    "hybrid_time": 46.78821527957916
  }
}