{
  "metadata": {
    "benchmark_type": "BQUBO",
    "solver": "DWave",
    "n_farms": 279,
    "run_number": 1,
    "timestamp": "2025-10-23T15:26:36.998015"
  },
  "result": {
    "qpu_time": 0.31082,
    "bqm_conversion_time": 0.7799465656280518,
    "feasible": true,
    "objective_value": 0.032394600140304014,
    "num_samples": 1,
    "hybrid_time": 141.39488285779953
  }
}