{
  "status": "Infeasible",
  "objective_value": null,
  "solve_time": 0.12736082077026367,
  "solver_time": 0.10457134246826172,
  "success": false,
  "sample_id": 0,
  "n_units": 15,
  "total_area": 115.10000000000001,
  "n_foods": 27,
  "n_variables": 486,
  "n_constraints": 540
}