{
  "status": "Optimal",
  "objective_value": 84.02414999999999,
  "solve_time": 0.01030874252319336,
  "solver_time": 0.009174585342407227,
  "success": true,
  "sample_id": 2,
  "n_units": 25,
  "total_area": 130.27,
  "n_foods": 6,
  "n_variables": 156,
  "n_constraints": 181
}