{
  "status": "Optimal",
  "objective_value": 0.42993648071989166,
  "solve_time": 0.07005119323730469,
  "solver_time": 0.047725677490234375,
  "success": true,
  "sample_id": 0,
  "n_units": 10,
  "total_area": 48.9,
  "n_foods": 27,
  "n_variables": 540,
  "n_constraints": 650
}