{
  "status": "Optimal",
  "objective_value": 59.77215,
  "solve_time": 0.008377790451049805,
  "solver_time": 0.004813194274902344,
  "success": true,
  "sample_id": 2,
  "n_units": 20,
  "total_area": 92.67,
  "n_foods": 6,
  "n_variables": 126,
  "n_constraints": 146
}