{
  "status": "Infeasible",
  "objective_value": null,
  "solve_time": 0.12469005584716797,
  "solver_time": 0.10967803001403809,
  "success": false,
  "sample_id": 0,
  "n_units": 10,
  "total_area": 51.099999999999994,
  "n_foods": 27,
  "n_variables": 297,
  "n_constraints": 344
}