{
  "status": "Optimal",
  "objective_value": 46.9173,
  "solve_time": 0.006582498550415039,
  "solver_time": 0.0031957626342773438,
  "success": true,
  "sample_id": 1,
  "n_units": 15,
  "total_area": 72.74,
  "n_foods": 6,
  "n_variables": 96,
  "n_constraints": 111
}