{
  "status": "Optimal",
  "objective_value": 46.9173,
  "solve_time": 0.009049177169799805,
  "solver_time": 0.005053520202636719,
  "success": true,
  "sample_id": 1,
  "n_units": 15,
  "total_area": 72.74,
  "n_foods": 6,
  "n_variables": 96,
  "n_constraints": 111
}