{
  "status": "Optimal",
  "objective_value": 0.4299363598696499,
  "solve_time": 0.0892939567565918,
  "solver_time": 0.04856610298156738,
  "success": true,
  "sample_id": 1,
  "n_units": 15,
  "total_area": 72.74000000000001,
  "n_foods": 27,
  "n_variables": 810,
  "n_constraints": 975
}