{
  "status": "Optimal",
  "objective_value": 0.4299364144030061,
  "solve_time": 0.11320686340332031,
  "solver_time": 0.048134803771972656,
  "success": true,
  "sample_id": 1,
  "n_units": 25,
  "total_area": 121.69000000000001,
  "n_foods": 27,
  "n_variables": 1350,
  "n_constraints": 1625
}