{
  "status": "Optimal",
  "objective_value": 153.51645000000002,
  "solve_time": 0.020451068878173828,
  "solver_time": 0.018327951431274414,
  "success": true,
  "sample_id": 0,
  "n_units": 50,
  "total_area": 238.01,
  "n_foods": 6,
  "n_variables": 306,
  "n_constraints": 356
}