{
  "status": "Optimal",
  "objective_value": 31.540499999999998,
  "solve_time": 0.006733894348144531,
  "solver_time": 0.005308866500854492,
  "success": true,
  "sample_id": 0,
  "n_units": 10,
  "total_area": 48.9,
  "n_foods": 6,
  "n_variables": 66,
  "n_constraints": 76
}