{
  "status": "Optimal",
  "objective_value": 0.4299364877892543,
  "solve_time": 0.197005033493042,
  "solver_time": 0.0937662124633789,
  "success": true,
  "sample_id": 2,
  "n_units": 50,
  "total_area": 244.62,
  "n_foods": 27,
  "n_variables": 2700,
  "n_constraints": 3250
}