{
  "status": "Optimal",
  "objective_value": 76.9227,
  "solve_time": 0.009776115417480469,
  "solver_time": 0.006018400192260742,
  "success": true,
  "sample_id": 3,
  "n_units": 25,
  "total_area": 119.26,
  "n_foods": 6,
  "n_variables": 156,
  "n_constraints": 181
}