{
  "20": {
    "gurobi": [
      {
        "method": "gurobi_hybrid",
        "success": true,
        "objective": 10.065370839741206,
        "solve_time": 302.92573404312134,
        "violations": 0,
        "gap": 0.24449238950993268,
        "solution": {
          