{
  "metadata": {
    "benchmark_type": "PATCH",
    "solver": "DWave",
    "n_farms": 5,
    "run_number": 1,
    "timestamp": "2025-10-24T15:49:39.228559"
  },
  "result": {
    "hybrid_time": 3.9243767261505127,
    "qpu_time": 0.103621,
    "bqm_conversion_time": 0.11685752868652344,
    "feasible": true,
    "objective_value": 0.12349867895718844,
    "num_samples": 1,
    "sa_time": 0.7860262393951416,
    "sa_objective": 0.20242202049682514
  }
}