{
  "metadata": {
    "benchmark_type": "PATCH",
    "solver": "DWave",
    "n_farms": 15,
    "run_number": 1,
    "timestamp": "2025-10-24T15:50:03.483056"
  },
  "result": {
    "hybrid_time": 4.500967979431152,
    "qpu_time": 0.103619,
    "bqm_conversion_time": 0.032994747161865234,
    "feasible": true,
    "objective_value": 4.425490017937259,
    "num_samples": 1,
    "sa_time": 1.6841857433319092,
    "sa_objective": 4.740891689911999
  }
}