{
  "metadata": {
    "benchmark_type": "PATCH",
    "solver": "DWave",
    "n_farms": 25,
    "run_number": 1,
    "timestamp": "2025-10-24T15:50:49.931253"
  },
  "result": {
    "hybrid_time": 5.848100423812866,
    "qpu_time": 0.103618,
    "bqm_conversion_time": 0.0861196517944336,
    "feasible": true,
    "objective_value": 8.18701130130519,
    "num_samples": 1,
    "sa_time": 20.183252334594727,
    "sa_objective": 10.033384251827707
  }
}