{
  "metadata": {
    "benchmark_type": "PATCH",
    "solver": "DWave",
    "n_farms": 10,
    "run_number": 1,
    "timestamp": "2025-10-24T15:49:51.023611"
  },
  "result": {
    "hybrid_time": 4.375118017196655,
    "qpu_time": 0.051807,
    "bqm_conversion_time": 0.054323434829711914,
    "feasible": true,
    "objective_value": 3.684152350612513,
    "num_samples": 1,
    "sa_time": 1.1167736053466797,
    "sa_objective": 3.672751778744786
  }
}