scenario,description,n_farms,n_foods,n_periods,n_vars,qpu_method,gurobi_status,gurobi_objective,gurobi_runtime,gurobi_mip_gap,gurobi_hit_timeout,gurobi_hit_improve_limit,gurobi_rotation_violations,gurobi_diversity_violations,gurobi_area_violations,gurobi_total_violations,qpu_status,qpu_objective,qpu_runtime,qpu_rotation_violations,qpu_diversity_violations,qpu_area_violations,qpu_total_violations,gap_pct,speedup,expected_speedup
rotation_micro_25,5 farms - Small scale,5,6,3,90,clique_decomp,timeout,6.166826839679835,100.0995421409607,201.7082586465474,True,False,0,0,0,0,success,5.281819544044196,18.20816922187805,0,15,15,30,14.351096903534696,5.497507240908435,11.5
rotation_small_50,10 farms - At the cliff,10,6,3,180,clique_decomp,timeout,8.685958678757245,100.1083390712738,2053.0567738852437,True,False,0,0,0,0,success,7.016631897452064,30.495630979537964,0,30,30,60,19.218682048163075,3.282710862367293,6.2
rotation_medium_100,20 farms - Past the cliff,20,6,3,360,clique_decomp,timeout,12.783159786223962,100.20199203491211,2.5860629639667594,True,False,0,0,0,0,success,12.763970991997141,50.61118984222412,0,60,60,120,0.15010994580150805,1.9798386947092708,5.2
rotation_large_25farms_27foods,25 farms - Hierarchical test,25,27,3,2025,hierarchical,timeout,11.675532500185625,104.39024472236633,2.5813442570590848,True,False,0,0,0,0,error,0.0,1.4409940242767334,0,0,0,999,100.0,72.44321833656603,5.0
rotation_xlarge_50farms_27foods,50 farms - Large hierarchical,50,27,3,4050,hierarchical,timeout,23.3547316932914,108.77275109291077,2.579480273673501,True,False,0,0,0,0,error,0.0,0.0005068778991699219,0,0,0,999,100.0,214593.5959548448,4.5
rotation_xxlarge_100farms_27foods,100 farms - Ultimate test,100,27,3,8100,hierarchical,timeout,45.86869559976299,117.49213409423828,2.00671634000678,True,False,0,0,0,0,error,0.0,0.00048732757568359375,0,0,0,999,100.0,241094.77886497063,2.5
