n_farms,formulation,decomposition,num_partitions,num_variables,num_quadratic,density,embedding_success,embedding_time,chain_length_max,chain_length_mean,solve_success,solve_time,objective,total_embedding_time,total_solve_time,total_time
5,CQM,None,1,135,0,0,False,0,,,False,0.00044536590576171875,,0,0.00044536590576171875,0.00044536590576171875
5,BQM,None,1,157,10431,0.4231814678080247,True,13.024752855300903,31,15.261146496815286,False,30.00698184967041,,13.024752855300903,30.00698184967041,43.03173470497131
5,BQM,PlotBased,1,157,10431,0.4231814678080247,False,19.06867218017578,,,False,30.008064031600952,,19.06867218017578,30.008064031600952,49.07673621177673
5,SparseBQM,None,1,135,108,0.005925925925925926,True,0.12817740440368652,1,1,True,0.005248308181762695,-81.0,0.12817740440368652,0.005248308181762695,0.13342571258544922
5,SparseBQM,PlotBased,1,135,108,0.005925925925925926,True,0.12111067771911621,1,1,True,0.005110740661621094,-81.0,0.12111067771911621,0.005110740661621094,0.1262214183807373
