n_farms,formulation,decomposition,num_partitions,num_variables,num_quadratic,density,embedding_success,embedding_time,chain_length_max,chain_length_mean,solve_success,solve_time,objective,total_embedding_time,total_solve_time,total_time
5,CQM,None,1,135,0,0,False,0,,,False,0.0004019737243652344,,0,0.0004019737243652344,0.0004019737243652344
5,BQM,None,1,157,10431,0.4231814678080247,False,21.800477504730225,,,False,30.005471229553223,,21.800477504730225,30.005471229553223,51.80594873428345
5,BQM,PlotBased,1,157,10431,0.4231814678080247,False,16.858590602874756,,,False,30.007660627365112,,16.858590602874756,30.007660627365112,46.86625123023987
5,SparseBQM,None,1,135,108,0.005925925925925926,True,0.13013982772827148,1,1,True,0.00556182861328125,-81.0,0.13013982772827148,0.00556182861328125,0.13570165634155273
5,SparseBQM,PlotBased,1,135,108,0.005925925925925926,True,0.12487649917602539,1,1,True,0.005326271057128906,-81.0,0.12487649917602539,0.005326271057128906,0.1302027702331543
