n_farms,formulation,decomposition,num_partitions,num_variables,num_quadratic,density,embedding_success,embedding_time,chain_length_max,chain_length_mean,solve_success,solve_time,objective,total_embedding_time,total_solve_time,total_time
5,CQM,None,1,135,0,0,False,0,,,False,0.000568389892578125,,0,0.000568389892578125,0.000568389892578125
5,BQM,None,1,157,10431,0.4231814678080247,False,22.56009078025818,,,False,30.008528232574463,,22.56009078025818,30.008528232574463,52.56861901283264
5,BQM,PlotBased,1,157,10431,0.4231814678080247,True,14.190370798110962,56,19.24203821656051,False,30.003438711166382,,14.190370798110962,30.003438711166382,44.193809509277344
5,SparseBQM,None,1,135,108,0.005925925925925926,True,0.12491726875305176,1,1,True,0.0052301883697509766,-81.0,0.12491726875305176,0.0052301883697509766,0.13014745712280273
5,SparseBQM,PlotBased,1,135,108,0.005925925925925926,True,0.14112353324890137,1,1,True,0.005478620529174805,-81.0,0.14112353324890137,0.005478620529174805,0.14660215377807617
