n_farms,formulation,decomposition,num_partitions,num_variables,num_quadratic,density,embedding_success,embedding_time,chain_length_max,chain_length_mean,solve_success,solve_time,objective,total_embedding_time,total_solve_time,total_time
25,CQM,None,1,702,0,0,False,0,,,True,0.003793001174926758,-0.33541878630130556,0,0.003793001174926758,0.003793001174926758
25,BQM,None,1,1655,26365,0.009625687972910068,False,0,,,False,60.07007932662964,0.021942342195169204,0,60.07007932662964,60.07007932662964
25,BQM,Louvain,55,1655,26365,0.009625687972910068,True,48.191210985183716,,,True,162.96433544158936,3.4879245437368973,48.191210985183716,162.96433544158936,0
25,BQM,PlotBased,5,1655,26365,0.009625687972910068,True,336.0585587024689,,,False,300.50828647613525,1.6112830716108082,336.0585587024689,300.50828647613525,0
25,BQM,Cutset,84,1655,26365,0.009625687972910068,True,2.601036310195923,,,True,0.06563544273376465,5.9761178556795675,2.601036310195923,0.06563544273376465,0
25,BQM,SpatialGrid,9,1655,26365,0.009625687972910068,True,78.07094979286194,,,False,540.5070068836212,2.0291626342699938,78.07094979286194,540.5070068836212,0
