n_farms,formulation,decomposition,num_partitions,num_variables,num_quadratic,density,embedding_success,embedding_time,chain_length_max,chain_length_mean,solve_success,solve_time,objective,total_embedding_time,total_solve_time,total_time
25,CQM,None,1,702,0,0,False,0,,,True,0.0031909942626953125,-0.33541878630130556,0,0.0031909942626953125,0.0031909942626953125
25,BQM,None,1,1655,26365,0.009625687972910068,False,0,,,False,35.78033638000488,0.015935493356368735,0,35.78033638000488,35.78033638000488
25,BQM,Louvain,27,1655,26365,0.009625687972910068,True,74.35314989089966,,,True,453.15205931663513,2.6331260027856507,74.35314989089966,453.15205931663513,527.5052092075348
25,BQM,PlotBased,1,1655,26365,0.009625687972910068,False,0,,,False,0,,0,0,0
25,BQM,Multilevel,5,1655,26365,0.009625687972910068,True,241.16046667099,,,False,1200.750559091568,1.5460609810648847,241.16046667099,1200.750559091568,1441.911025762558
25,BQM,Cutset,77,1655,26365,0.009625687972910068,True,2.588660955429077,,,True,0.06100106239318848,5.9739767413431855,2.588660955429077,0.06100106239318848,2.6496620178222656
25,BQM,SpatialGrid,1,1655,26365,0.009625687972910068,False,331.131893157959,,,False,300.0941400527954,0.04108933683443684,331.131893157959,300.0941400527954,631.2260332107544
25,BQM,EnergyImpact,1,1655,26365,0.009625687972910068,False,338.2804219722748,,,False,300.08700585365295,0.04108933683443684,338.2804219722748,300.08700585365295,638.3674278259277
