n_farms,formulation,decomposition,num_partitions,num_variables,num_quadratic,density,embedding_success,embedding_time,chain_length_max,chain_length_mean,solve_success,solve_time,objective,total_embedding_time,total_solve_time,total_time
5,CQM,None,1,135,0,0,False,0,,,False,0.000476837158203125,,0,0.000476837158203125,0.000476837158203125
5,BQM,None,1,157,10431,0.4231814678080247,False,20.751598834991455,,,False,30.00487756729126,,20.751598834991455,30.00487756729126,50.756476402282715
5,BQM,PlotBased,1,157,10431,0.4231814678080247,True,13.07278561592102,61,23.29299363057325,False,30.002446174621582,,13.07278561592102,30.002446174621582,43.0752317905426
5,SparseBQM,None,1,135,108,0.005925925925925926,True,0.13700556755065918,1,1,True,0.005281209945678711,-81.0,0.13700556755065918,0.005281209945678711,0.1422867774963379
5,SparseBQM,PlotBased,1,135,108,0.005925925925925926,True,0.12685632705688477,1,1,True,0.00531768798828125,-81.0,0.12685632705688477,0.00531768798828125,0.13217401504516602
