n_farms,formulation,decomposition,num_partitions,num_variables,num_quadratic,density,embedding_success,embedding_time,chain_length_max,chain_length_mean,solve_success,solve_time,objective,total_embedding_time,total_solve_time,total_time
25,CQM,None,1,702,0,0,False,0,,,True,0.003233671188354492,-0.33541878630130556,0,0.003233671188354492,0.003233671188354492
25,BQM,None,1,1655,26365,0.009625687972910068,False,0,,,False,30.07493805885315,0.015935493356368735,0,30.07493805885315,30.07493805885315
25,BQM,Louvain,55,1655,26365,0.009625687972910068,True,49.01611351966858,,,True,192.54750323295593,3.3567580533432566,49.01611351966858,192.54750323295593,241.5636167526245
25,BQM,PlotBased,5,1655,26365,0.009625687972910068,False,157.39659762382507,,,False,150.42796063423157,1.5920340759690577,157.39659762382507,150.42796063423157,307.82455825805664
