n_farms,formulation,decomposition,num_partitions,num_variables,num_quadratic,density,embedding_success,embedding_time,chain_length_max,chain_length_mean,solve_success,solve_time,objective,total_embedding_time,total_solve_time,total_time
5,CQM,None,1,135,0,0,False,0,,,False,0.0004863739013671875,,0,0.0004863739013671875,0.0004863739013671875
5,BQM,None,1,157,10431,0.4231814678080247,False,21.445146560668945,,,False,30.00644540786743,,21.445146560668945,30.00644540786743,51.45159196853638
5,BQM,PlotBased,1,157,10431,0.4231814678080247,True,13.347837924957275,48,22.50955414012739,False,30.00758194923401,,13.347837924957275,30.00758194923401,43.355419874191284
5,SparseBQM,None,1,135,108,0.005925925925925926,True,0.13673090934753418,1,1,True,0.005191802978515625,-81.0,0.13673090934753418,0.005191802978515625,0.1419227123260498
5,SparseBQM,PlotBased,1,135,108,0.005925925925925926,True,0.12224411964416504,1,1,True,0.005039215087890625,-81.0,0.12224411964416504,0.005039215087890625,0.12728333473205566
