{
  "problem": {
    "n_farms": 25,
    "n_foods": 27,
    "n_vars": 702,
    "n_constraints": 710,
    "cqm_build_time": 0.046365976333618164
  },
  "ground_truth": {
    "objective": 0.3150546267389638,
    "solve_time": 0.007116794586181641,
    "status": "OPTIMAL"
  },
  "methods": {
    "None": {
      "n_partitions": 1,
      "partition_sizes": [
        702
      ],
      "partition_time": 0.00011539459228515625,
      "embedding": {
        "embeddable_count": 1,
        "all_embeddable": true,
        "total_embed_time": 43.5704391002655,
        "total_physical_qubits": 2916,
        "max_chain_length": 9
      },
      "solving": {
        "objective": 0.31505462673896384,
        "gap_percent": -1.7619532144579862e-14,
        "solve_time": 0.018070220947265625,
        "n_violations": 0
      },
      "total_time": 43.588624715805054
    },
    "PlotBased": {
      "n_partitions": 26,
      "partition_sizes": [
        27,
        27,
        27,
        27,
        27,
        27,
        27,
        27,
        27,
        27,
        27,
        27,
        27,
        27,
        27,
        27,
        27,
        27,
        27,
        27,
        27,
        27,
        27,
        27,
        27,
        27
      ],
      "partition_time": 0.0003552436828613281,
      "embedding": {
        "embeddable_count": 25,
        "all_embeddable": false,
        "total_embed_time": 14.620607137680054,
        "total_physical_qubits": null,
        "max_chain_length": null
      },
      "solving": {
        "objective": 0.31505462673896395,
        "gap_percent": -5.285859643373959e-14,
        "solve_time": 0.028124094009399414,
        "n_violations": 0
      },
      "total_time": 14.649086475372314
    },
    "Spectral(4)": {
      "n_partitions": 4,
      "partition_sizes": [
        189,
        351,
        108,
        54
      ],
      "partition_time": 1.5744009017944336,
      "embedding": {
        "embeddable_count": 4,
        "all_embeddable": true,
        "total_embed_time": 24.225663423538208,
        "total_physical_qubits": 2920,
        "max_chain_length": 10
      },
      "solving": {
        "objective": 0.31505462673896384,
        "gap_percent": -1.7619532144579862e-14,
        "solve_time": 0.02112126350402832,
        "n_violations": 0
      },
      "total_time": 25.82118558883667
    },
    "Louvain": {
      "n_partitions": 30,
      "partition_sizes": [
        27,
        27,
        27,
        27,
        27,
        27,
        27,
        27,
        27,
        27,
        27,
        27,
        27,
        27,
        27,
        27,
        27,
        27,
        27,
        27,
        27,
        27,
        27,
        27,
        27,
        5,
        9,
        4,
        2,
        7
      ],
      "partition_time": 0.07309556007385254,
      "embedding": {
        "embeddable_count": 25,
        "all_embeddable": false,
        "total_embed_time": 15.232880115509033,
        "total_physical_qubits": null,
        "max_chain_length": null
      },
      "solving": {
        "objective": 0.31505462673896395,
        "gap_percent": -5.285859643373959e-14,
        "solve_time": 0.028573989868164062,
        "n_violations": 0
      },
      "total_time": 15.33454966545105
    },
    "MasterSubproblem": {
      "n_partitions": 26,
      "partition_sizes": [
        27,
        27,
        27,
        27,
        27,
        27,
        27,
        27,
        27,
        27,
        27,
        27,
        27,
        27,
        27,
        27,
        27,
        27,
        27,
        27,
        27,
        27,
        27,
        27,
        27,
        27
      ],
      "partition_time": 0.0007953643798828125,
      "embedding": {
        "embeddable_count": 25,
        "all_embeddable": false,
        "total_embed_time": 15.358084678649902,
        "total_physical_qubits": null,
        "max_chain_length": null
      },
      "solving": {
        "objective": 0.26522328787504984,
        "gap_percent": 15.816729746108866,
        "solve_time": 0.04170060157775879,
        "n_violations": 0
      },
      "total_time": 15.400580644607544
    },
    "Multilevel(2)": {
      "n_partitions": 14,
      "partition_sizes": [
        54,
        54,
        54,
        54,
        54,
        54,
        54,
        54,
        54,
        54,
        54,
        54,
        27,
        27
      ],
      "partition_time": 0.0004508495330810547,
      "embedding": {
        "embeddable_count": 13,
        "all_embeddable": false,
        "total_embed_time": 27.19016695022583,
        "total_physical_qubits": null,
        "max_chain_length": null
      },
      "solving": {
        "objective": 0.31505462673896395,
        "gap_percent": -5.285859643373959e-14,
        "solve_time": 0.02334284782409668,
        "n_violations": 0
      },
      "total_time": 27.213960647583008
    },
    "Multilevel(5)": {
      "n_partitions": 6,
      "partition_sizes": [
        135,
        135,
        135,
        135,
        135,
        27
      ],
      "partition_time": 0.0005075931549072266,
      "embedding": {
        "embeddable_count": 5,
        "all_embeddable": false,
        "total_embed_time": 27.814790725708008,
        "total_physical_qubits": null,
        "max_chain_length": null
      },
      "solving": {
        "objective": 0.31505462673896395,
        "gap_percent": -5.285859643373959e-14,
        "solve_time": 0.010515451431274414,
        "n_violations": 0
      },
      "total_time": 27.82581377029419
    },
    "Cutset(1)": {
      "n_partitions": 26,
      "partition_sizes": [
        27,
        27,
        27,
        27,
        27,
        27,
        27,
        27,
        27,
        27,
        27,
        27,
        27,
        27,
        27,
        27,
        27,
        27,
        27,
        27,
        27,
        27,
        27,
        27,
        27,
        27
      ],
      "partition_time": 0.0004937648773193359,
      "embedding": {
        "embeddable_count": 25,
        "all_embeddable": false,
        "total_embed_time": 14.709693431854248,
        "total_physical_qubits": null,
        "max_chain_length": null
      },
      "solving": {
        "objective": 0.31505462673896395,
        "gap_percent": -5.285859643373959e-14,
        "solve_time": 0.026294946670532227,
        "n_violations": 0
      },
      "total_time": 14.7364821434021
    },
    "Cutset(2)": {
      "n_partitions": 14,
      "partition_sizes": [
        54,
        54,
        54,
        54,
        54,
        54,
        54,
        54,
        54,
        54,
        54,
        54,
        27,
        27
      ],
      "partition_time": 0.0005230903625488281,
      "embedding": {
        "embeddable_count": 13,
        "all_embeddable": false,
        "total_embed_time": 27.10867953300476,
        "total_physical_qubits": null,
        "max_chain_length": null
      },
      "solving": {
        "objective": 0.31505462673896395,
        "gap_percent": -5.285859643373959e-14,
        "solve_time": 0.018134355545043945,
        "n_violations": 0
      },
      "total_time": 27.127336978912354
    },
    "SpatialGrid(5)": {
      "n_partitions": 6,
      "partition_sizes": [
        135,
        135,
        135,
        135,
        135,
        27
      ],
      "partition_time": 0.0004813671112060547,
      "embedding": {
        "embeddable_count": 5,
        "all_embeddable": false,
        "total_embed_time": 27.905513763427734,
        "total_physical_qubits": null,
        "max_chain_length": null
      },
      "solving": {
        "objective": 0.31505462673896395,
        "gap_percent": -5.285859643373959e-14,
        "solve_time": 0.010315656661987305,
        "n_violations": 0
      },
      "total_time": 27.916310787200928
    },
    "EnergyImpact(100)": {
      "n_partitions": 8,