{
  "problem": {
    "n_farms": 25,
    "n_foods": 27,
    "n_vars": 702,
    "n_constraints": 710,
    "cqm_build_time": 0.0460507869720459
  },
  "ground_truth": {
    "objective": 0.42995089161590677,
    "solve_time": 0.0016701221466064453,
    "status": "OPTIMAL"
  },
  "methods": {
    "None": {
      "n_partitions": 1,
      "partition_sizes": [
        702
      ],
      "partition_time": 0.00011372566223144531,
      "embedding": {
        "embeddable_count": 1,
        "all_embeddable": true,
        "total_embed_time": 40.79681181907654,
        "total_physical_qubits": 2916,
        "max_chain_length": 9
      },
      "solving": {
        "objective": 0.4299508916159065,
        "gap_percent": 6.455522283327217e-14,
        "solve_time": 0.011299610137939453,
        "n_violations": 0
      },
      "total_time": 40.80822515487671
    },
    "PlotBased": {
      "n_partitions": 26,
      "partition_sizes": [
        27,
        27,
        27,
        27,
        27,
        27,
        27,
        27,
        27,
        27,
        27,
        27,
        27,
        27,
        27,
        27,
        27,
        27,
        27,
        27,
        27,
        27,
        27,
        27,
        27,
        27
      ],
      "partition_time": 0.0004317760467529297,
      "embedding": {
        "embeddable_count": 25,
        "all_embeddable": false,
        "total_embed_time": 13.625574588775635,
        "total_physical_qubits": null,
        "max_chain_length": null
      },
      "solving": {
        "objective": 0.4299508916159065,
        "gap_percent": 6.455522283327217e-14,
        "solve_time": 0.015763282775878906,
        "n_violations": 0
      },
      "total_time": 13.641769647598267
    },
    "Spectral(4)": {
      "n_partitions": 4,
      "partition_sizes": [
        189,
        351,
        108,
        54
      ],
      "partition_time": 1.5176808834075928,
      "embedding": {
        "embeddable_count": 4,
        "all_embeddable": true,
        "total_embed_time": 21.959331035614014,
        "total_physical_qubits": 2920,
        "max_chain_length": 10
      },
      "solving": {
        "objective": 0.4299508916159065,
        "gap_percent": 6.455522283327217e-14,
        "solve_time": 0.010909080505371094,
        "n_violations": 0
      },
      "total_time": 23.487920999526978
    },
    "Louvain": {
      "n_partitions": 30,
      "partition_sizes": [
        27,
        27,
        27,
        27,
        27,
        27,
        27,
        27,
        27,
        27,
        27,
        27,
        27,
        27,
        27,
        27,
        27,
        27,
        27,
        27,
        27,
        27,
        27,
        27,
        27,
        5,
        9,
        4,
        2,
        7
      ],
      "partition_time": 0.06373715400695801,
      "embedding": {
        "embeddable_count": 25,
        "all_embeddable": false,
        "total_embed_time": 15.405400037765503,
        "total_physical_qubits": null,
        "max_chain_length": null
      },
      "solving": {
        "objective": 0.4299508916159065,
        "gap_percent": 6.455522283327217e-14,
        "solve_time": 0.021264076232910156,
        "n_violations": 0
      },
      "total_time": 15.490401268005371
    }
  }
}