{
  "problem": {
    "n_farms": 25,
    "n_foods": 27,
    "n_vars": 702,
    "n_constraints": 710,
    "cqm_build_time": 0.05379629135131836
  },
  "ground_truth": {
    "objective": 0.3150546267389638,
    "solve_time": 0.006315708160400391,
    "status": "OPTIMAL"
  },
  "methods": {
    "None": {
      "n_partitions": 1,
      "partition_sizes": [
        702
      ],
      "partition_time": 0.00012803077697753906,
      "embedding": {
        "embeddable_count": 1,
        "all_embeddable": true,
        "total_embed_time": 43.017552852630615,
        "total_physical_qubits": 2916,
        "max_chain_length": 9
      },
      "solving": {
        "objective": 0.3150546267389638,
        "gap_percent": 0.0,
        "solve_time": 0.01728534698486328,
        "n_violations": 0
      },
      "total_time": 43.034966230392456
    },
    "PlotBased": {
      "n_partitions": 26,
      "partition_sizes": [
        27,
        27,
        27,
        27,
        27,
        27,
        27,
        27,
        27,
        27,
        27,
        27,
        27,
        27,
        27,
        27,
        27,
        27,
        27,
        27,
        27,
        27,
        27,
        27,
        27,
        27
      ],
      "partition_time": 0.0003542900085449219,
      "embedding": {
        "embeddable_count": 25,
        "all_embeddable": false,
        "total_embed_time": 14.287078857421875,
        "total_physical_qubits": null,
        "max_chain_length": null
      },
      "solving": {
        "objective": 0.31505462673896395,
        "gap_percent": -5.285859643373959e-14,
        "solve_time": 0.032437801361083984,
        "n_violations": 0
      },
      "total_time": 14.319870948791504
    },
    "Spectral(4)": {
      "n_partitions": 4,
      "partition_sizes": [
        189,
        351,
        108,
        54
      ],
      "partition_time": 1.5535542964935303,
      "embedding": {
        "embeddable_count": 4,
        "all_embeddable": true,
        "total_embed_time": 22.965835571289062,
        "total_physical_qubits": 2920,
        "max_chain_length": 10
      },
      "solving": {
        "objective": 0.31505462673896384,
        "gap_percent": -1.7619532144579862e-14,
        "solve_time": 0.016806602478027344,
        "n_violations": 0
      },
      "total_time": 24.53619647026062
    },
    "Louvain": {
      "n_partitions": 30,
      "partition_sizes": [
        27,
        27,
        27,
        27,
        27,
        27,
        27,
        27,
        27,
        27,
        27,
        27,
        27,
        27,
        27,
        27,
        27,
        27,
        27,
        27,
        27,
        27,
        27,
        27,
        27,
        5,
        9,
        4,
        2,
        7
      ],
      "partition_time": 0.06397795677185059,
      "embedding": {
        "embeddable_count": 25,
        "all_embeddable": false,
        "total_embed_time": 14.853574514389038,
        "total_physical_qubits": null,
        "max_chain_length": null
      },
      "solving": {
        "objective": 0.31505462673896395,
        "gap_percent": -5.285859643373959e-14,
        "solve_time": 0.034543514251708984,
        "n_violations": 0
      },
      "total_time": 14.952095985412598
    },
    "MasterSubproblem": {
      "n_partitions": 26,
      "partition_sizes": [
        27,
        27,
        27,
        27,
        27,
        27,
        27,
        27,
        27,
        27,
        27,
        27,
        27,
        27,
        27,
        27,
        27,
        27,
        27,
        27,
        27,
        27,
        27,
        27,
        27,
        27
      ],
      "partition_time": 0.0004394054412841797,
      "embedding": {
        "embeddable_count": 25,
        "all_embeddable": false,
        "total_embed_time": 14.268648147583008,
        "total_physical_qubits": null,
        "max_chain_length": null
      },
      "solving": {
        "objective": 0.2589487681391689,
        "gap_percent": 17.808295399604145,
        "solve_time": 0.037699222564697266,
        "n_violations": 0
      },
      "total_time": 14.30678677558899
    }
  }
}