{
  "problem": {
    "n_farms": 25,
    "n_foods": 27,
    "total_area": 100.0
  },
  "ground_truth": {
    "objective": 0.3150546267389638,
    "solve_time": 0.023741960525512695
  },
  "benders": {
    "None": {
      "objective": 0.2873063972458642,
      "gap_percent": 8.807434374258584,
      "n_iterations": 2,
      "n_partitions": 1,
      "total_time": 0.04197859764099121,
      "success": true
    },
    "PlotBased": {
      "objective": 0.05786869435032535,
      "gap_percent": 81.63217123668142,
      "n_iterations": 2,
      "n_partitions": 25,
      "total_time": 0.07150793075561523,
      "success": true
    },
    "Spectral(4)": {
      "objective": 0.13842194993372298,
      "gap_percent": 56.06414310861352,
      "n_iterations": 2,
      "n_partitions": 4,
      "total_time": 1.7162196636199951,
      "success": true
    },
    "Louvain": {
      "objective": 0.05786869435032535,
      "gap_percent": 81.63217123668142,
      "n_iterations": 2,
      "n_partitions": 25,
      "total_time": 0.18004822731018066,
      "success": true
    },
    "Multilevel(5)": {
      "objective": 0.05786869435032535,
      "gap_percent": 81.63217123668142,
      "n_iterations": 2,
      "n_partitions": 5,
      "total_time": 0.05623006820678711,
      "success": true
    },
    "Cutset(2)": {
      "objective": 0.07125003259705304,
      "gap_percent": 77.38486390930335,
      "n_iterations": 2,
      "n_partitions": 13,
      "total_time": 0.06147623062133789,
      "success": true
    }
  },
  "dantzig_wolfe": {
    "None": {
      "objective": 0.31505462673896373,
      "gap_percent": 1.7619532144579862e-14,
      "n_iterations": 20,
      "n_partitions": 1,
      "total_time": 0.8924014568328857,
      "success": true
    },
    "PlotBased": {
      "objective": 0.01719803566463627,
      "gap_percent": 94.54125278443043,
      "n_iterations": 20,
      "n_partitions": 25,
      "total_time": 1.549560785293579,
      "success": true
    },
    "Spectral(4)": {
      "objective": 0.1593504679092976,
      "gap_percent": 49.42132113446908,
      "n_iterations": 20,
      "n_partitions": 4,
      "total_time": 1.188279390335083,
      "success": true
    },
    "Louvain": {
      "objective": 0.01719803566463627,
      "gap_percent": 94.54125278443043,
      "n_iterations": 20,
      "n_partitions": 25,
      "total_time": 1.6220085620880127,
      "success": true
    },
    "Multilevel(5)": {
      "objective": 0.08599017832318134,
      "gap_percent": 72.70626392215217,
      "n_iterations": 20,
      "n_partitions": 5,
      "total_time": 0.7802748680114746,
      "success": true
    },
    "Cutset(2)": {
      "objective": 0.03439607132927254,
      "gap_percent": 89.08250556886087,
      "n_iterations": 20,
      "n_partitions": 13,
      "total_time": 1.1383063793182373,
      "success": true
    }
  }
}