{
  "25": {
    "n_farms": 25,
    "n_vars": 702,
    "gt_continuous": 0.3150546267389638,
    "gt_binary": 0.3150546267389638,
    "gt_time": 0.06893324851989746,
    "cqm": {
      "None": {
        "objective": 0.3150546267389637,
        "gap": 3.5239064289159724e-14,
        "solve_time": 0.016881465911865234,
        "embed_time": 35.6812641620636,
        "n_embeddable": 0,
        "all_embeddable": false,
        "physical_qubits": null,
        "logical_qubits": 675,
        "max_chain": null,
        "n_partitions": 1,
        "violations": 0
      },
      "PlotBased": {
        "objective": 0.31505462673896395,
        "gap": -5.285859643373959e-14,
        "solve_time": 0.024272680282592773,
        "embed_time": 15.144690752029419,
        "n_embeddable": 26,
        "all_embeddable": true,
        "physical_qubits": 2600,
        "logical_qubits": 675,
        "max_chain": 5,
        "n_partitions": 26,
        "violations": 0
      },
      "Multilevel(5)": {
        "objective": 0.31505462673896395,
        "gap": -5.285859643373959e-14,
        "solve_time": 0.009943962097167969,
        "embed_time": 29.274394273757935,
        "n_embeddable": 6,
        "all_embeddable": true,
        "physical_qubits": 2760,
        "logical_qubits": 675,
        "max_chain": 7,
        "n_partitions": 6,
        "violations": 0
      }
    },
    "benders": {
      "None": {
        "objective": 0.3150546267389638,
        "gap": 0.0,
        "solve_time": 0.06436991691589355,
        "embed_time": 0,
        "violations": 4
      },
      "PlotBased": {
        "objective": 0.3150546267389638,
        "gap": 0.0,
        "solve_time": 0.08691644668579102,
        "embed_time": 0,
        "violations": 4
      },
      "Multilevel(5)": {
        "objective": 0.3150546267389638,
        "gap": 0.0,
        "solve_time": 0.059470415115356445,
        "embed_time": 0,
        "violations": 4
      }
    },
    "dw": {
      "None": {
        "objective": 0.31505462673896373,
        "gap": 1.7619532144579862e-14,
        "solve_time": 0.49961137771606445,
        "embed_time": 0,
        "violations": 4
      },
      "PlotBased": {
        "objective": 0.01719803566463627,
        "gap": 94.54125278443043,
        "solve_time": 0.8037583827972412,
        "embed_time": 0,
        "violations": 5
      },
      "Multilevel(5)": {
        "objective": 0.08599017832318134,
        "gap": 72.70626392215217,
        "solve_time": 0.6320180892944336,
        "embed_time": 0,
        "violations": 5
      }
    }
  },
  "50": {
    "n_farms": 50,
    "n_vars": 1377,
    "gt_continuous": 0.3150546267389638,
    "gt_binary": 0.3150546267389638,
    "gt_time": 0.14521098136901855,
    "cqm": {
      "None": {
        "objective": 0.31505462673896373,
        "gap": 1.7619532144579862e-14,
        "solve_time": 0.03325366973876953,
        "embed_time": 44.50699043273926,
        "n_embeddable": 0,
        "all_embeddable": false,
        "physical_qubits": null,
        "logical_qubits": 1350,
        "max_chain": null,
        "n_partitions": 1,
        "violations": 0
      },
      "PlotBased": {
        "objective": 0.3150546267389637,
        "gap": 3.5239064289159724e-14,
        "solve_time": 0.06359076499938965,
        "embed_time": 30.61427640914917,
        "n_embeddable": 51,
        "all_embeddable": true,
        "physical_qubits": 5200,
        "logical_qubits": 1350,
        "max_chain": 5,
        "n_partitions": 51,
        "violations": 0
      },
      "Multilevel(5)": {
        "objective": 0.3150546267389637,
        "gap": 3.5239064289159724e-14,
        "solve_time": 0.02409815788269043,
        "embed_time": 60.218867778778076,
        "n_embeddable": 11,
        "all_embeddable": true,
        "physical_qubits": 5520,
        "logical_qubits": 1350,
        "max_chain": 7,
        "n_partitions": 11,
        "violations": 0
      }
    },
    "benders": {
      "None": {
        "objective": 0.3150546267389638,
        "gap": 0.0,
        "solve_time": 0.12134289741516113,
        "embed_time": 0,
        "violations": 4
      },
      "PlotBased": {
        "objective": 0.3150546267389636,
        "gap": 5.285859643373959e-14,
        "solve_time": 0.20662403106689453,
        "embed_time": 0,
        "violations": 4
      },
      "Multilevel(5)": {
        "objective": 0.3150546267389636,
        "gap": 5.285859643373959e-14,
        "solve_time": 0.11212849617004395,
        "embed_time": 0,
        "violations": 4
      }
    },
    "dw": {
      "None": {
        "objective": 0.31505462673896373,
        "gap": 1.7619532144579862e-14,
        "solve_time": 0.9114313125610352,
        "embed_time": 0,
        "violations": 4
      },
      "PlotBased": {
        "objective": 0.008599017832318135,
        "gap": 97.2706263922152,
        "solve_time": 1.5715301036834717,
        "embed_time": 0,
        "violations": 5
      },
      "Multilevel(5)": {
        "objective": 0.04299508916159067,
        "gap": 86.35313196107609,
        "solve_time": 0.9669365882873535,
        "embed_time": 0,
        "violations": 5
      }
    }
  },
  "100": {
    "n_farms": 100,
    "n_vars": 2727,
    "gt_continuous": 0.31505462673896373,
    "gt_binary": 0.3150546267389638,
    "gt_time": 0.40315866470336914,
    "cqm": {
      "None": {
        "objective": 0.3150546267389636,
        "gap": 5.285859643373959e-14,
        "solve_time": 0.0606074333190918,
        "embed_time": 85.70231747627258,
        "n_embeddable": 0,
        "all_embeddable": false,
        "physical_qubits": null,
        "logical_qubits": 2700,
        "max_chain": null,
        "n_partitions": 1,
        "violations": 0
      },
      "PlotBased": {
        "objective": 0.3150546267389634,
        "gap": 1.2333672501205906e-13,
        "solve_time": 0.19896411895751953,
        "embed_time": 62.23210644721985,
        "n_embeddable": 101,
        "all_embeddable": true,
        "physical_qubits": 10400,
        "logical_qubits": 2700,
        "max_chain": 5,
        "n_partitions": 101,
        "violations": 0
      },
      "Multilevel(5)": {
        "objective": 0.3150546267389634,
        "gap": 1.2333672501205906e-13,
        "solve_time": 0.052503108978271484,
        "embed_time": 113.36768078804016,
        "n_embeddable": 21,
        "all_embeddable": true,
        "physical_qubits": 11040,
        "logical_qubits": 2700,
        "max_chain": 7,
        "n_partitions": 21,
        "violations": 0
      }
    },
    "benders": {
      "None": {
        "objective": 0.3150546267389634,
        "gap": 1.057171928674792e-13,
        "solve_time": 0.2541050910949707,
        "embed_time": 0,
        "violations": 4
      },
      "PlotBased": {
        "objective": 0.3150546267389633,
        "gap": 1.4095625715663892e-13,
        "solve_time": 0.4998941421508789,
        "embed_time": 0,
        "violations": 4
      },
      "Multilevel(5)": {
        "objective": 0.3150546267389633,
        "gap": 1.4095625715663892e-13,
        "solve_time": 0.2286210060119629,
        "embed_time": 0,
        "violations": 4
      }
    },
    "dw": {
      "None": {
        "objective": 0.31505462673896373,
        "gap": 0.0,
        "solve_time": 2.013073444366455,
        "embed_time": 0,
        "violations": 4
      },
      "PlotBased": {
        "objective": 0.0042995089161590675,
        "gap": 98.63531319610762,
        "solve_time": 3.812437057495117,
        "embed_time": 0,
        "violations": 5
      },
      "Multilevel(5)": {
        "objective": 0.021497544580795336,
        "gap": 93.17656598053804,
        "solve_time": 1.8585383892059326,
        "embed_time": 0,
        "violations": 5
      }
    }
  },
  "200": {
    "n_farms": 200,
    "n_vars": 5427,
    "gt_continuous": 0.31505462673896384,
    "gt_binary": 0.3150546267389638,
    "gt_time": 0.6298763751983643,
    "cqm": {
      "None": {
        "objective": 0.3150546267389639,