{
  "25": {
    "n_farms": 25,
    "n_vars": 702,
    "gt_continuous": 0.3150546267389638,
    "gt_binary": 0.3150546267389638,
    "gt_time": 0.08176350593566895,
    "cqm": {
      "None": {
        "objective": 0.3150546267389638,
        "gap": 0.0,
        "solve_time": 0.017081022262573242,
        "violations": 0
      },
      "PlotBased": {
        "objective": 0.31505462673896395,
        "gap": -5.285859643373959e-14,
        "solve_time": 0.028000593185424805,
        "violations": 0
      },
      "Multilevel(5)": {
        "objective": 0.31505462673896395,
        "gap": -5.285859643373959e-14,
        "solve_time": 0.010516643524169922,
        "violations": 0
      }
    },
    "benders": {
      "None": {
        "objective": 0.3150546267389638,
        "gap": 0.0,
        "solve_time": 0.06813740730285645,
        "violations": 4
      },
      "PlotBased": {
        "objective": 0.3150546267389638,
        "gap": 0.0,
        "solve_time": 0.08531546592712402,
        "violations": 4
      },
      "Multilevel(5)": {
        "objective": 0.3150546267389638,
        "gap": 0.0,
        "solve_time": 0.05282759666442871,
        "violations": 4
      }
    },
    "dw": {
      "None": {
        "objective": 0.31505462673896373,
        "gap": 1.7619532144579862e-14,
        "solve_time": 0.4948101043701172,
        "violations": 4
      },
      "PlotBased": {
        "objective": 0.01719803566463627,
        "gap": 94.54125278443043,
        "solve_time": 0.8392419815063477,
        "violations": 5
      },
      "Multilevel(5)": {
        "objective": 0.08599017832318134,
        "gap": 72.70626392215217,
        "solve_time": 0.4379093647003174,
        "violations": 5
      }
    }
  },
  "50": {
    "n_farms": 50,
    "n_vars": 1377,
    "gt_continuous": 0.3150546267389638,
    "gt_binary": 0.3150546267389638,
    "gt_time": 0.13988447189331055,
    "cqm": {
      "None": {
        "objective": 0.3150546267389637,
        "gap": 3.5239064289159724e-14,
        "solve_time": 0.03363823890686035,
        "violations": 0
      },
      "PlotBased": {
        "objective": 0.3150546267389637,
        "gap": 3.5239064289159724e-14,
        "solve_time": 0.07232522964477539,
        "violations": 0
      },
      "Multilevel(5)": {
        "objective": 0.3150546267389637,
        "gap": 3.5239064289159724e-14,
        "solve_time": 0.027148008346557617,
        "violations": 0
      }
    },
    "benders": {
      "None": {
        "objective": 0.3150546267389638,
        "gap": 0.0,
        "solve_time": 0.1323540210723877,
        "violations": 4
      },
      "PlotBased": {
        "objective": 0.3150546267389636,
        "gap": 5.285859643373959e-14,
        "solve_time": 0.19673585891723633,
        "violations": 4
      },
      "Multilevel(5)": {
        "objective": 0.3150546267389636,
        "gap": 5.285859643373959e-14,
        "solve_time": 0.12381911277770996,
        "violations": 4
      }
    },
    "dw": {
      "None": {
        "objective": 0.31505462673896373,
        "gap": 1.7619532144579862e-14,
        "solve_time": 0.9955222606658936,
        "violations": 4
      },
      "PlotBased": {
        "objective": 0.008599017832318135,
        "gap": 97.2706263922152,
        "solve_time": 1.962512493133545,
        "violations": 5
      },
      "Multilevel(5)": {
        "objective": 0.04299508916159067,
        "gap": 86.35313196107609,
        "solve_time": 0.9630284309387207,
        "violations": 5
      }
    }
  },
  "100": {
    "n_farms": 100,
    "n_vars": 2727,
    "gt_continuous": 0.31505462673896373,
    "gt_binary": 0.3150546267389638,
    "gt_time": 0.3327152729034424,
    "cqm": {
      "None": {
        "objective": 0.3150546267389636,
        "gap": 5.285859643373959e-14,
        "solve_time": 0.07274580001831055,
        "violations": 0
      },
      "PlotBased": {
        "objective": 0.3150546267389634,
        "gap": 1.2333672501205906e-13,
        "solve_time": 0.2110910415649414,
        "violations": 0
      },
      "Multilevel(5)": {
        "objective": 0.3150546267389634,
        "gap": 1.2333672501205906e-13,
        "solve_time": 0.07173991203308105,
        "violations": 0
      }
    },
    "benders": {
      "None": {
        "objective": 0.3150546267389634,
        "gap": 1.057171928674792e-13,
        "solve_time": 0.3867349624633789,
        "violations": 4
      },
      "PlotBased": {
        "objective": 0.3150546267389633,
        "gap": 1.4095625715663892e-13,
        "solve_time": 0.6777045726776123,
        "violations": 4
      },
      "Multilevel(5)": {
        "objective": 0.3150546267389633,
        "gap": 1.4095625715663892e-13,
        "solve_time": 0.2711951732635498,
        "violations": 4
      }
    },
    "dw": {
      "None": {
        "objective": 0.31505462673896373,
        "gap": 0.0,
        "solve_time": 2.0778636932373047,
        "violations": 4
      },
      "PlotBased": {
        "objective": 0.0042995089161590675,
        "gap": 98.63531319610762,
        "solve_time": 4.292825937271118,
        "violations": 5
      },
      "Multilevel(5)": {
        "objective": 0.021497544580795336,
        "gap": 93.17656598053804,
        "solve_time": 2.1601431369781494,
        "violations": 5
      }
    }
  },
  "200": {
    "n_farms": 200,
    "n_vars": 5427,
    "gt_continuous": 0.31505462673896384,
    "gt_binary": 0.3150546267389638,
    "gt_time": 0.9059979915618896,
    "cqm": {
      "None": {
        "objective": 0.315054626738964,
        "gap": -7.047812857831945e-14,
        "solve_time": 0.1581103801727295,
        "violations": 0
      },
      "PlotBased": {
        "objective": 0.3150546267389636,
        "gap": 5.285859643373959e-14,
        "solve_time": 0.6723177433013916,
        "violations": 0
      },
      "Multilevel(5)": {
        "objective": 0.3150546267389636,
        "gap": 5.285859643373959e-14,
        "solve_time": 0.19700098037719727,
        "violations": 0
      }
    },
    "benders": {
      "None": {
        "objective": 0.3150546267389632,
        "gap": 2.1143438573495833e-13,
        "solve_time": 0.5866000652313232,
        "violations": 4
      },
      "PlotBased": {
        "objective": 0.315054626738964,
        "gap": -5.285859643373958e-14,
        "solve_time": 1.5757081508636475,
        "violations": 4
      },
      "Multilevel(5)": {
        "objective": 0.315054626738964,
        "gap": -5.285859643373958e-14,
        "solve_time": 0.6262927055358887,
        "violations": 4
      }
    },
    "dw": {
      "None": {
        "objective": 0.31505462673896373,
        "gap": 3.523906428915972e-14,
        "solve_time": 4.7597856521606445,
        "violations": 4
      },
      "PlotBased": {
        "objective": 0.0021497544580795338,
        "gap": 99.3176565980538,
        "solve_time": 11.561853408813477,
        "violations": 5
      },
      "Multilevel(5)": {
        "objective": 0.010748772290397668,
        "gap": 96.58828299026902,
        "solve_time": 4.705025911331177,
        "violations": 5
      }
    }
  }
}