{
  "method": "hierarchical",
  "use_qpu": false,
  "config": {
    "farms_per_cluster": 3,
    "max_cluster_vars": 360,
    "decomposition_method": "spatial_grid",
    "num_reads": 100,
    "num_iterations": 3,
    "annealing_time": 20,
    "n_periods": 3,
    "rotation_gamma": 0.25,
    "diversity_bonus": 0.15,
    "one_hot_penalty": 3.0,
    "enable_post_processing": true,
    "crops_per_family": 3
  },
  "timings": {
    "level1_decomposition": 0.00011491775512695312,
    "level2_quantum": 733.7521901130676,
    "level2_solve": 733.7193810939789,
    "level2_qpu": 0,
    "level3_postprocessing": 0.012757062911987305,
    "level3_refinement": 0.012640953063964844,
    "level3_diversity": 0.00010824203491210938,
    "total": 733.7651221752167
  },
  "levels": {
    "food_aggregation": {
      "original_foods": 6,
      "families": 6
    },
    "decomposition": {
      "method": "spatial_grid",
      "n_clusters": 4,
      "avg_cluster_size": 2.5,
      "vars_per_cluster": 45,
      "cluster_sizes": [
        3,
        3,
        3,
        1
      ]
    },
    "quantum_solving": {
      "iterations": [
        {
          "iteration": 1,
          "objective": 6.13269475648521,
          "violations": 0,
          "solve_time": 304.37866282463074,
          "qpu_time": 0,
          "total_time": 304.39143109321594
        },
        {
          "iteration": 2,
          "objective": 6.232462606163386,
          "violations": 0,
          "solve_time": 243.20250535011292,
          "qpu_time": 0,
          "total_time": 243.21169686317444
        },
        {
          "iteration": 3,
          "objective": 5.597276528727504,
          "violations": 0,
          "solve_time": 186.13821291923523,
          "qpu_time": 0,
          "total_time": 186.14895701408386
        }
      ],
      "best_objective": 6.232462606163386,
      "total_solve_time": 733.7193810939789,
      "total_qpu_time": 0
    },
    "post_processing": {
      "refinement_time": 0.012640953063964844,
      "diversity_time": 0.00010824203491210938,
      "total_time": 0.012757062911987305
    }
  },
  "family_solution": {
    "('Farm1', 'Fruits', 1)": 0,
    "('Farm1', 'Fruits', 2)": 0,
    "('Farm1', 'Fruits', 3)": 0,
    "('Farm1', 'Grains', 1)": 1,
    "('Farm1', 'Grains', 2)": 0,
    "('Farm1', 'Grains', 3)": 0,
    "('Farm1', 'Leafy_Vegetables', 1)": 0,
    "('Farm1', 'Leafy_Vegetables', 2)": 0,
    "('Farm1', 'Leafy_Vegetables', 3)": 0,
    "('Farm1', 'Legumes', 1)": 0,
    "('Farm1', 'Legumes', 2)": 1,
    "('Farm1', 'Legumes', 3)": 0,
    "('Farm1', 'Proteins', 1)": 0,
    "('Farm1', 'Proteins', 2)": 0,
    "('Farm1', 'Proteins', 3)": 0,
    "('Farm1', 'Root_Vegetables', 1)": 0,
    "('Farm1', 'Root_Vegetables', 2)": 0,
    "('Farm1', 'Root_Vegetables', 3)": 1,
    "('Farm2', 'Fruits', 1)": 0,
    "('Farm2', 'Fruits', 2)": 0,
    "('Farm2', 'Fruits', 3)": 0,
    "('Farm2', 'Grains', 1)": 0,
    "('Farm2', 'Grains', 2)": 1,
    "('Farm2', 'Grains', 3)": 0,
    "('Farm2', 'Leafy_Vegetables', 1)": 0,
    "('Farm2', 'Leafy_Vegetables', 2)": 0,
    "('Farm2', 'Leafy_Vegetables', 3)": 0,
    "('Farm2', 'Legumes', 1)": 0,
    "('Farm2', 'Legumes', 2)": 0,
    "('Farm2', 'Legumes', 3)": 0,
    "('Farm2', 'Proteins', 1)": 1,
    "('Farm2', 'Proteins', 2)": 0,
    "('Farm2', 'Proteins', 3)": 1,
    "('Farm2', 'Root_Vegetables', 1)": 0,
    "('Farm2', 'Root_Vegetables', 2)": 0,
    "('Farm2', 'Root_Vegetables', 3)": 0,
    "('Farm3', 'Fruits', 1)": 0,
    "('Farm3', 'Fruits', 2)": 0,
    "('Farm3', 'Fruits', 3)": 1,
    "('Farm3', 'Grains', 1)": 1,
    "('Farm3', 'Grains', 2)": 0,
    "('Farm3', 'Grains', 3)": 0,
    "('Farm3', 'Leafy_Vegetables', 1)": 0,
    "('Farm3', 'Leafy_Vegetables', 2)": 0,
    "('Farm3', 'Leafy_Vegetables', 3)": 0,
    "('Farm3', 'Legumes', 1)": 0,
    "('Farm3', 'Legumes', 2)": 0,
    "('Farm3', 'Legumes', 3)": 0,
    "('Farm3', 'Proteins', 1)": 0,
    "('Farm3', 'Proteins', 2)": 1,
    "('Farm3', 'Proteins', 3)": 0,
    "('Farm3', 'Root_Vegetables', 1)": 0,
    "('Farm3', 'Root_Vegetables', 2)": 0,
    "('Farm3', 'Root_Vegetables', 3)": 0,
    "('Farm4', 'Fruits', 1)": 1,
    "('Farm4', 'Fruits', 2)": 0,
    "('Farm4', 'Fruits', 3)": 0,
    "('Farm4', 'Grains', 1)": 0,
    "('Farm4', 'Grains', 2)": 0,
    "('Farm4', 'Grains', 3)": 0,
    "('Farm4', 'Leafy_Vegetables', 1)": 0,
    "('Farm4', 'Leafy_Vegetables', 2)": 0,
    "('Farm4', 'Leafy_Vegetables', 3)": 0,
    "('Farm4', 'Legumes', 1)": 0,
    "('Farm4', 'Legumes', 2)": 0,
    "('Farm4', 'Legumes', 3)": 1,
    "('Farm4', 'Proteins', 1)": 0,
    "('Farm4', 'Proteins', 2)": 1,
    "('Farm4', 'Proteins', 3)": 0,
    "('Farm4', 'Root_Vegetables', 1)": 0,
    "('Farm4', 'Root_Vegetables', 2)": 0,
    "('Farm4', 'Root_Vegetables', 3)": 0,
    "('Farm5', 'Fruits', 1)": 0,
    "('Farm5', 'Fruits', 2)": 1,
    "('Farm5', 'Fruits', 3)": 0,
    "('Farm5', 'Grains', 1)": 0,
    "('Farm5', 'Grains', 2)": 0,
    "('Farm5', 'Grains', 3)": 0,
    "('Farm5', 'Leafy_Vegetables', 1)": 0,
    "('Farm5', 'Leafy_Vegetables', 2)": 0,
    "('Farm5', 'Leafy_Vegetables', 3)": 0,
    "('Farm5', 'Legumes', 1)": 0,
    "('Farm5', 'Legumes', 2)": 0,
    "('Farm5', 'Legumes', 3)": 1,
    "('Farm5', 'Proteins', 1)": 1,
    "('Farm5', 'Proteins', 2)": 0,
    "('Farm5', 'Proteins', 3)": 0,
    "('Farm5', 'Root_Vegetables', 1)": 0,
    "('Farm5', 'Root_Vegetables', 2)": 0,
    "('Farm5', 'Root_Vegetables', 3)": 0,
    "('Farm6', 'Fruits', 1)": 0,
    "('Farm6', 'Fruits', 2)": 0,
    "('Farm6', 'Fruits', 3)": 0,
    "('Farm6', 'Grains', 1)": 0,
    "('Farm6', 'Grains', 2)": 0,
    "('Farm6', 'Grains', 3)": 0,
    "('Farm6', 'Leafy_Vegetables', 1)": 1,
    "('Farm6', 'Leafy_Vegetables', 2)": 0,
    "('Farm6', 'Leafy_Vegetables', 3)": 0,
    "('Farm6', 'Legumes', 1)": 0,
    "('Farm6', 'Legumes', 2)": 1,
    "('Farm6', 'Legumes', 3)": 0,
    "('Farm6', 'Proteins', 1)": 0,
    "('Farm6', 'Proteins', 2)": 0,
    "('Farm6', 'Proteins', 3)": 1,
    "('Farm6', 'Root_Vegetables', 1)": 0,
    "('Farm6', 'Root_Vegetables', 2)": 0,
    "('Farm6', 'Root_Vegetables', 3)": 0,
    "('Farm7', 'Fruits', 1)": 0,
    "('Farm7', 'Fruits', 2)": 0,
    "('Farm7', 'Fruits', 3)": 0,
    "('Farm7', 'Grains', 1)": 0,
    "('Farm7', 'Grains', 2)": 1,
    "('Farm7', 'Grains', 3)": 0,
    "('Farm7', 'Leafy_Vegetables', 1)": 0,
    "('Farm7', 'Leafy_Vegetables', 2)": 0,
    "('Farm7', 'Leafy_Vegetables', 3)": 0,
    "('Farm7', 'Legumes', 1)": 0,
    "('Farm7', 'Legumes', 2)": 0,
    "('Farm7', 'Legumes', 3)": 0,
    "('Farm7', 'Proteins', 1)": 1,
    "('Farm7', 'Proteins', 2)": 0,
    "('Farm7', 'Proteins', 3)": 1,
    "('Farm7', 'Root_Vegetables', 1)": 0,
    "('Farm7', 'Root_Vegetables', 2)": 0,
    "('Farm7', 'Root_Vegetables', 3)": 0,
    "('Farm8', 'Fruits', 1)": 0,
    "('Farm8', 'Fruits', 2)": 0,
    "('Farm8', 'Fruits', 3)": 0,
    "('Farm8', 'Grains', 1)": 0,
    "('Farm8', 'Grains', 2)": 1,
    "('Farm8', 'Grains', 3)": 0,
    "('Farm8', 'Leafy_Vegetables', 1)": 0,
    "('Farm8', 'Leafy_Vegetables', 2)": 0,
    "('Farm8', 'Leafy_Vegetables', 3)": 1,
    "('Farm8', 'Legumes', 1)": 0,
    "('Farm8', 'Legumes', 2)": 0,
    "('Farm8', 'Legumes', 3)": 0,
    "('Farm8', 'Proteins', 1)": 1,
    "('Farm8', 'Proteins', 2)": 0,
    "('Farm8', 'Proteins', 3)": 0,
    "('Farm8', 'Root_Vegetables', 1)": 0,
    "('Farm8', 'Root_Vegetables', 2)": 0,
    "('Farm8', 'Root_Vegetables', 3)": 0,
    "('Farm9', 'Fruits', 1)": 0,
    "('Farm9', 'Fruits', 2)": 0,
    "('Farm9', 'Fruits', 3)": 0,
    "('Farm9', 'Grains', 1)": 0,
    "('Farm9', 'Grains', 2)": 0,
    "('Farm9', 'Grains', 3)": 0,
    "('Farm9', 'Leafy_Vegetables', 1)": 0,
    "('Farm9', 'Leafy_Vegetables', 2)": 0,
    "('Farm9', 'Leafy_Vegetables', 3)": 1,
    "('Farm9', 'Legumes', 1)": 0,
    "('Farm9', 'Legumes', 2)": 0,
    "('Farm9', 'Legumes', 3)": 0,
    "('Farm9', 'Proteins', 1)": 1,
    "('Farm9', 'Proteins', 2)": 0,
    "('Farm9', 'Proteins', 3)": 0,
    "('Farm9', 'Root_Vegetables', 1)": 0,